--------- beginning of main
08-14 23:28:58.494 D/BluetoothSystemServer( 4548): BluetoothManagerService: isBluetoothPersistedStateOn: 2
08-14 23:28:58.496 D/BluetoothSystemServer( 4548): BluetoothManagerService: delayModeChangedIfNeeded(onAirplaneModeChanged): state=BLE_ON isAirplaneModeOn()=false isSatelliteModeOn()=false delayed=400ms
08-14 23:28:58.626 D/ULogGuard( 1952): Monitoring: 16 threads, 0 requests, 0 time-bombs; 9 guards. ResetFlags = 0x7
08-14 23:28:58.897 D/BluetoothSystemServer( 4548): BluetoothManagerService: isBluetoothPersistedStateOn: 2
08-14 23:28:58.898 D/BluetoothSystemServer( 4548): BluetoothManagerService: delayModeChangedIfNeeded(onAirplaneModeChanged): state=BLE_ON isAirplaneModeOn()=false isSatelliteModeOn()=false delayed=400ms
08-14 23:28:58.989 I/libPerfCtl( 1650): xgfGetFPS pid:4822 fps:-1
--------- beginning of system
08-14 23:28:58.997 D/PowerManagerService( 4548): nativeAcquireSuspendBlocker name:PowerManagerService.WakeLocks duration ms: 1
08-14 23:28:59.006 D/WiFiBlocklistController( 4548): Default net onCapabilitiesChanged
08-14 23:28:59.007 D/WiFiBlocklistController( 4548): updateDefaultNet:741
08-14 23:28:59.007 I/Smart5G ( 5742): [Smart5GService] isValidated=true
08-14 23:28:59.008 I/Smart5G ( 5742): [NetworkStateService] isValidated=true
08-14 23:28:59.008 I/Smart5G ( 5742): [IpManagerService] isValidated=true
08-14 23:28:59.011 I/ModemStats( 5796): [DataStallDetectService] onCapabilitiesChanged networkCapabilities=[ Transports: CELLULAR Capabilities: SUPL&FOTA&INTERNET&NOT_RESTRICTED&TRUSTED&NOT_VPN&VALIDATED&NOT_ROAMING&FOREGROUND&NOT_CONGESTED&NOT_SUSPENDED&NOT_VCN_MANAGED&NOT_BANDWIDTH_CONSTRAINED LinkUpBandwidth>=19768Kbps LinkDnBandwidth>=53793Kbps Specifier: <TelephonyNetworkSpecifier [mSubId = 2]> SubscriptionIds: {2} UnderlyingNetworks: Null]
08-14 23:28:59.012 I/ModemStats( 5796): [DataStallDetectService] onCapabilitiesChanged NET_CAPABILITY_VALIDATED=true
08-14 23:28:59.012 I/ModemStats( 5796): [DataStallDetectService] onCapabilitiesChanged mDataStallManager.mDataStallInstance=null
08-14 23:28:59.012 I/ModemStats( 5796): [DataStallDetectService] onCapabilitiesChanged mDataStallSmart5gManager.mDataStallInstance=null
08-14 23:28:59.015 I/EnhancedConnectivity( 4548): [DataStallService] alraady registerExtListener:2
08-14 23:28:59.016 I/EnhancedConnectivity( 4548): [DataStallService] NetworkCallback  isDataStallNetwork=true isLabCard=false
08-14 23:28:59.019 D/WM-WorkConstraintsTrack(30371): NetworkRequestConstraintController onCapabilitiesChanged callback
08-14 23:28:59.019 I/BugleRcsEngine(14454): handleMessage processing message:[NOTIFY_UPTIME_IGNORE_STATE_CHANGED] with [non-null]:RcsEngineImpl reference [CONTEXT log_prefix="RcsEngineImpl[DUAL_REG]:[cc3edd0a-96e5]>Handler" thread_id=1517 ]
08-14 23:28:59.020 I/BugleRcsEngine(14454): Connected state: [1], networkType: [MOBILE] [CONTEXT thread_id=1513 ]
08-14 23:28:59.202 D/PowerManagerService( 4548): nativeReleaseSuspendBlocker name:PowerManagerService.WakeLocks duration ms: 0
08-14 23:28:59.300 D/BluetoothSystemServer( 4548): BluetoothManagerService: isBluetoothPersistedStateOn: 2
08-14 23:28:59.300 D/BluetoothSystemServer( 4548): BluetoothManagerService: delayModeChangedIfNeeded(onAirplaneModeChanged): state=BLE_ON isAirplaneModeOn()=false isSatelliteModeOn()=false delayed=400ms
08-14 23:28:59.517 I/NearbySharing( 4449): Network state changed: NetworkState(isRestricted=false, isOnline=true, isCongested=false, isMetered=true, isWifiConnected=false)
08-14 23:28:59.702 D/BluetoothSystemServer( 4548): BluetoothManagerService: isBluetoothPersistedStateOn: 2
08-14 23:28:59.703 D/BluetoothSystemServer( 4548): BluetoothManagerService: delayModeChangedIfNeeded(onAirplaneModeChanged): state=BLE_ON isAirplaneModeOn()=false isSatelliteModeOn()=false delayed=400ms
08-14 23:29:00.003 D/PowerManagerService( 4548): nativeAcquireSuspendBlocker name:PowerManagerService.WakeLocks duration ms: 2
08-14 23:29:00.005 V/KeyguardStatusViewController( 4822): onTimeChanged
08-14 23:29:00.008 D/PowerManagerService( 4548): nativeReleaseSuspendBlocker name:PowerManagerService.WakeLocks duration ms: 0
08-14 23:29:00.086 I/BufferQueueProducer( 1694): [StatusBar#276](this:0xb400007b24994020,id:-1,api:0,p:-1,c:1694) queueBuffer: fps=0.32 dur=3121.25 max=3121.25 min=3121.25
08-14 23:29:00.088 E/HWC2    ( 1694): Invalid CT ID. displayId: 0
08-14 23:29:00.098 I/BufferQueueProducer( 1694): [FramebufferSurface](this:0xb400007b51f806d0,id:-1,api:1,p:1694,c:1694) queueBuffer: fps=0.32 dur=3124.18 max=3124.18 min=3124.18
08-14 23:29:00.098 I/hwcomposer( 1604): [HWCDisplay] [Display_0 (type:1)] fps:0.320197,dur:3123.07,max:3123.07,min:3123.07  
08-14 23:29:00.104 D/BluetoothSystemServer( 4548): BluetoothManagerService: isBluetoothPersistedStateOn: 2
08-14 23:29:00.104 D/BluetoothSystemServer( 4548): BluetoothManagerService: delayModeChangedIfNeeded(onAirplaneModeChanged): state=BLE_ON isAirplaneModeOn()=false isSatelliteModeOn()=false delayed=400ms
08-14 23:29:00.284 I/EnhancedConnectivity( 4548): [DataStallService] isPoorSignal = false
08-14 23:29:00.505 D/BluetoothSystemServer( 4548): BluetoothManagerService: isBluetoothPersistedStateOn: 2
08-14 23:29:00.505 D/BluetoothSystemServer( 4548): BluetoothManagerService: delayModeChangedIfNeeded(onAirplaneModeChanged): state=BLE_ON isAirplaneModeOn()=false isSatelliteModeOn()=false delayed=400ms
08-14 23:29:00.907 D/BluetoothSystemServer( 4548): BluetoothManagerService: isBluetoothPersistedStateOn: 2
08-14 23:29:00.907 D/BluetoothSystemServer( 4548): BluetoothManagerService: delayModeChangedIfNeeded(onAirplaneModeChanged): state=BLE_ON isAirplaneModeOn()=false isSatelliteModeOn()=false delayed=400ms
08-14 23:29:01.057 I/libPerfCtl( 1650): xgfGetFPS pid:4822 fps:-1
08-14 23:29:01.308 D/BluetoothSystemServer( 4548): BluetoothManagerService: isBluetoothPersistedStateOn: 2
08-14 23:29:01.309 D/BluetoothSystemServer( 4548): BluetoothManagerService: delayModeChangedIfNeeded(onAirplaneModeChanged): state=BLE_ON isAirplaneModeOn()=false isSatelliteModeOn()=false delayed=400ms
08-14 23:29:01.585 D/BatteryService( 4548): uevent={POWER_SUPPLY_VOLTAGE_NOW=4243000, POWER_SUPPLY_VBUS_PRESENT=true, POWER_SUPPLY_TYPE=Battery, POWER_SUPPLY_HEALTH=Good, POWER_SUPPLY_TECHNOLOGY=Li-ion, POWER_SUPPLY_CHARGE_FULL_DESIGN=5972000, POWER_SUPPLY_CONSTANT_CHARGE_VOLTAGE=4300, SEQNUM=600468, POWER_SUPPLY_STATUS=Charging, POWER_SUPPLY_CYCLE_COUNT=316, POWER_SUPPLY_CAPACITY=70, DEVPATH=/devices/platform/11b20000.i2c/i2c-5/5-0034/11b20000.i2c:mt6375@34:mtk_gauge/power_supply/battery, POWER_SUPPLY_CHARGE_RATE=Turbo, POWER_SUPPLY_CURRENT_AVG=1834800, POWER_SUPPLY_CAPACITY_LEVEL=Normal, POWER_SUPPLY_CURRENT_NOW=2030700, POWER_SUPPLY_PRESENT=1, POWER_SUPPLY_POWER_WATT=15, POWER_SUPPLY_CHARGE_FULL=6035500, POWER_SUPPLY_TIME_TO_FULL_NOW=3171, SUBSYSTEM=power_supply, POWER_SUPPLY_TEMP=350, ACTION=change, POWER_SUPPLY_AGE=91, POWER_SUPPLY_NAME=battery, POWER_SUPPLY_LPD_PRESENT=false, POWER_SUPPLY_CHARGE_COUNTER=4224850}
08-14 23:29:01.586 D/BatteryService( 4548): uevent={POWER_SUPPLY_VOLTAGE_NOW=4243000, POWER_SUPPLY_VBUS_PRESENT=true, POWER_SUPPLY_TYPE=Battery, POWER_SUPPLY_HEALTH=Good, POWER_SUPPLY_TECHNOLOGY=Li-ion, POWER_SUPPLY_CHARGE_FULL_DESIGN=5972000, POWER_SUPPLY_CONSTANT_CHARGE_VOLTAGE=4300, SEQNUM=600468, POWER_SUPPLY_STATUS=Charging, POWER_SUPPLY_CYCLE_COUNT=316, POWER_SUPPLY_CAPACITY=70, DEVPATH=/devices/platform/11b20000.i2c/i2c-5/5-0034/11b20000.i2c:mt6375@34:mtk_gauge/power_supply/battery, POWER_SUPPLY_CHARGE_RATE=Turbo, POWER_SUPPLY_CURRENT_AVG=1834800, POWER_SUPPLY_CAPACITY_LEVEL=Normal, POWER_SUPPLY_CURRENT_NOW=2030700, POWER_SUPPLY_PRESENT=1, POWER_SUPPLY_POWER_WATT=15, POWER_SUPPLY_CHARGE_FULL=6035500, POWER_SUPPLY_TIME_TO_FULL_NOW=3171, SUBSYSTEM=power_supply, POWER_SUPPLY_TEMP=350, ACTION=change, POWER_SUPPLY_AGE=91, POWER_SUPPLY_NAME=battery, POWER_SUPPLY_LPD_PRESENT=false, POWER_SUPPLY_CHARGE_COUNTER=4224850}
08-14 23:29:01.598 D/PowerUI ( 4822): can't show warning due to - plugged: true status unknown: false
08-14 23:29:01.604 V/UiModeManager( 4548): updateLocked: null action, mDockState=0, category=null
08-14 23:29:01.604 D/UiModeManager( 4548): updateConfigurationLocked: mDockState=0; mCarMode=false; mNightMode=com.android.server.UiModeManagerService$1@f66f8ee; mNightModeCustomType=-1; uiMode=33
08-14 23:29:01.605 V/UiModeManager( 4548): updateLocked: null action, mDockState=0, category=null
08-14 23:29:01.605 D/PowerUI ( 4822): can't show warning due to - plugged: true status unknown: false
08-14 23:29:01.605 D/UiModeManager( 4548): updateConfigurationLocked: mDockState=0; mCarMode=false; mNightMode=com.android.server.UiModeManagerService$1@f66f8ee; mNightModeCustomType=-1; uiMode=33
08-14 23:29:01.625 D/PowerUI ( 4822): can't show warning due to - plugged: true status unknown: false
08-14 23:29:01.627 D/ULogGuard( 1952): Monitoring: 16 threads, 0 requests, 0 time-bombs; 9 guards. ResetFlags = 0x7
08-14 23:29:01.627 V/UiModeManager( 4548): updateLocked: null action, mDockState=0, category=null
08-14 23:29:01.628 D/UiModeManager( 4548): updateConfigurationLocked: mDockState=0; mCarMode=false; mNightMode=com.android.server.UiModeManagerService$1@f66f8ee; mNightModeCustomType=-1; uiMode=33
08-14 23:29:01.710 D/BluetoothSystemServer( 4548): BluetoothManagerService: isBluetoothPersistedStateOn: 2
08-14 23:29:01.711 D/BluetoothSystemServer( 4548): BluetoothManagerService: delayModeChangedIfNeeded(onAirplaneModeChanged): state=BLE_ON isAirplaneModeOn()=false isSatelliteModeOn()=false delayed=400ms
08-14 23:29:02.057 I/libPerfCtl( 1650): xgfGetFPS pid:4822 fps:-1
08-14 23:29:02.114 D/BluetoothSystemServer( 4548): BluetoothManagerService: isBluetoothPersistedStateOn: 2
08-14 23:29:02.114 D/BluetoothSystemServer( 4548): BluetoothManagerService: delayModeChangedIfNeeded(onAirplaneModeChanged): state=BLE_ON isAirplaneModeOn()=false isSatelliteModeOn()=false delayed=400ms
08-14 23:29:02.131 D/WidgetApplication(10204): updateExistWidget: android.intent.action.BATTERY_CHANGED
08-14 23:29:02.515 D/BluetoothSystemServer( 4548): BluetoothManagerService: isBluetoothPersistedStateOn: 2
08-14 23:29:02.516 D/BluetoothSystemServer( 4548): BluetoothManagerService: delayModeChangedIfNeeded(onAirplaneModeChanged): state=BLE_ON isAirplaneModeOn()=false isSatelliteModeOn()=false delayed=400ms
08-14 23:29:02.919 D/BluetoothSystemServer( 4548): BluetoothManagerService: isBluetoothPersistedStateOn: 2
08-14 23:29:02.920 D/BluetoothSystemServer( 4548): BluetoothManagerService: delayModeChangedIfNeeded(onAirplaneModeChanged): state=BLE_ON isAirplaneModeOn()=false isSatelliteModeOn()=false delayed=400ms
08-14 23:29:03.058 I/libPerfCtl( 1650): xgfGetFPS pid:4822 fps:-1
08-14 23:29:03.322 D/BluetoothSystemServer( 4548): BluetoothManagerService: isBluetoothPersistedStateOn: 2
08-14 23:29:03.323 D/BluetoothSystemServer( 4548): BluetoothManagerService: delayModeChangedIfNeeded(onAirplaneModeChanged): state=BLE_ON isAirplaneModeOn()=false isSatelliteModeOn()=false delayed=400ms
08-14 23:29:03.724 D/BluetoothSystemServer( 4548): BluetoothManagerService: isBluetoothPersistedStateOn: 2
08-14 23:29:03.724 D/BluetoothSystemServer( 4548): BluetoothManagerService: delayModeChangedIfNeeded(onAirplaneModeChanged): state=BLE_ON isAirplaneModeOn()=false isSatelliteModeOn()=false delayed=400ms
08-14 23:29:03.780 W/AString ( 1612): ctor got NULL, using empty string instead
08-14 23:29:03.781 I/SensorSavedChannel( 1612): [581,-919,3292]==>gyro_bias.json
08-14 23:29:04.058 I/libPerfCtl( 1650): xgfGetFPS pid:4822 fps:-1
08-14 23:29:04.125 D/BluetoothSystemServer( 4548): BluetoothManagerService: isBluetoothPersistedStateOn: 2
08-14 23:29:04.126 D/BluetoothSystemServer( 4548): BluetoothManagerService: delayModeChangedIfNeeded(onAirplaneModeChanged): state=BLE_ON isAirplaneModeOn()=false isSatelliteModeOn()=false delayed=400ms
08-14 23:29:04.527 D/BluetoothSystemServer( 4548): BluetoothManagerService: isBluetoothPersistedStateOn: 2
08-14 23:29:04.528 D/BluetoothSystemServer( 4548): BluetoothManagerService: delayModeChangedIfNeeded(onAirplaneModeChanged): state=BLE_ON isAirplaneModeOn()=false isSatelliteModeOn()=false delayed=400ms
08-14 23:29:04.628 D/ULogGuard( 1952): Monitoring: 16 threads, 0 requests, 0 time-bombs; 9 guards. ResetFlags = 0x7
08-14 23:29:04.931 D/BluetoothSystemServer( 4548): BluetoothManagerService: isBluetoothPersistedStateOn: 2
08-14 23:29:04.932 D/BluetoothSystemServer( 4548): BluetoothManagerService: delayModeChangedIfNeeded(onAirplaneModeChanged): state=BLE_ON isAirplaneModeOn()=false isSatelliteModeOn()=false delayed=400ms
08-14 23:29:05.058 I/libPerfCtl( 1650): xgfGetFPS pid:4822 fps:-1
08-14 23:29:05.334 D/BluetoothSystemServer( 4548): BluetoothManagerService: isBluetoothPersistedStateOn: 2
08-14 23:29:05.335 D/BluetoothSystemServer( 4548): BluetoothManagerService: delayModeChangedIfNeeded(onAirplaneModeChanged): state=BLE_ON isAirplaneModeOn()=false isSatelliteModeOn()=false delayed=400ms
08-14 23:29:05.407 I/EnhancedConnectivity( 4548): [DataStallService] isPoorSignal = false
08-14 23:29:05.736 D/BluetoothSystemServer( 4548): BluetoothManagerService: isBluetoothPersistedStateOn: 2
08-14 23:29:05.737 D/BluetoothSystemServer( 4548): BluetoothManagerService: delayModeChangedIfNeeded(onAirplaneModeChanged): state=BLE_ON isAirplaneModeOn()=false isSatelliteModeOn()=false delayed=400ms
08-14 23:29:06.059 I/libPerfCtl( 1650): xgfGetFPS pid:4822 fps:-1
08-14 23:29:06.138 D/BluetoothSystemServer( 4548): BluetoothManagerService: isBluetoothPersistedStateOn: 2
08-14 23:29:06.139 D/BluetoothSystemServer( 4548): BluetoothManagerService: delayModeChangedIfNeeded(onAirplaneModeChanged): state=BLE_ON isAirplaneModeOn()=false isSatelliteModeOn()=false delayed=400ms
08-14 23:29:06.540 D/BluetoothSystemServer( 4548): BluetoothManagerService: isBluetoothPersistedStateOn: 2
08-14 23:29:06.540 D/BluetoothSystemServer( 4548): BluetoothManagerService: delayModeChangedIfNeeded(onAirplaneModeChanged): state=BLE_ON isAirplaneModeOn()=false isSatelliteModeOn()=false delayed=400ms
08-14 23:29:06.847 D/power@timer( 1650): [mtkPowerTimer] visRead:0
08-14 23:29:06.942 D/BluetoothSystemServer( 4548): BluetoothManagerService: isBluetoothPersistedStateOn: 2
08-14 23:29:06.942 D/BluetoothSystemServer( 4548): BluetoothManagerService: delayModeChangedIfNeeded(onAirplaneModeChanged): state=BLE_ON isAirplaneModeOn()=false isSatelliteModeOn()=false delayed=400ms
08-14 23:29:07.059 I/libPerfCtl( 1650): xgfGetFPS pid:4822 fps:-1
08-14 23:29:07.343 D/BluetoothSystemServer( 4548): BluetoothManagerService: isBluetoothPersistedStateOn: 2
08-14 23:29:07.344 D/BluetoothSystemServer( 4548): BluetoothManagerService: delayModeChangedIfNeeded(onAirplaneModeChanged): state=BLE_ON isAirplaneModeOn()=false isSatelliteModeOn()=false delayed=400ms
08-14 23:29:07.630 D/ULogGuard( 1952): Monitoring: 16 threads, 0 requests, 0 time-bombs; 9 guards. ResetFlags = 0x7
08-14 23:29:07.746 D/BluetoothSystemServer( 4548): BluetoothManagerService: isBluetoothPersistedStateOn: 2
08-14 23:29:07.746 D/BluetoothSystemServer( 4548): BluetoothManagerService: delayModeChangedIfNeeded(onAirplaneModeChanged): state=BLE_ON isAirplaneModeOn()=false isSatelliteModeOn()=false delayed=400ms
08-14 23:29:08.059 I/libPerfCtl( 1650): xgfGetFPS pid:4822 fps:-1
08-14 23:29:08.148 D/BluetoothSystemServer( 4548): BluetoothManagerService: isBluetoothPersistedStateOn: 2
08-14 23:29:08.149 D/BluetoothSystemServer( 4548): BluetoothManagerService: delayModeChangedIfNeeded(onAirplaneModeChanged): state=BLE_ON isAirplaneModeOn()=false isSatelliteModeOn()=false delayed=400ms
08-14 23:29:08.550 D/BluetoothSystemServer( 4548): BluetoothManagerService: isBluetoothPersistedStateOn: 2
08-14 23:29:08.551 D/BluetoothSystemServer( 4548): BluetoothManagerService: delayModeChangedIfNeeded(onAirplaneModeChanged): state=BLE_ON isAirplaneModeOn()=false isSatelliteModeOn()=false delayed=400ms
08-14 23:29:08.952 D/BluetoothSystemServer( 4548): BluetoothManagerService: isBluetoothPersistedStateOn: 2
08-14 23:29:08.953 D/BluetoothSystemServer( 4548): BluetoothManagerService: delayModeChangedIfNeeded(onAirplaneModeChanged): state=BLE_ON isAirplaneModeOn()=false isSatelliteModeOn()=false delayed=400ms
08-14 23:29:09.060 I/libPerfCtl( 1650): xgfGetFPS pid:4822 fps:-1
08-14 23:29:09.219 D/PowerManagerService( 4548): nativeAcquireSuspendBlocker name:PowerManagerService.WakeLocks duration ms: 2
08-14 23:29:09.354 D/BluetoothSystemServer( 4548): BluetoothManagerService: isBluetoothPersistedStateOn: 2
08-14 23:29:09.354 D/BluetoothSystemServer( 4548): BluetoothManagerService: delayModeChangedIfNeeded(onAirplaneModeChanged): state=BLE_ON isAirplaneModeOn()=false isSatelliteModeOn()=false delayed=400ms
08-14 23:29:09.458 D/PowerManagerService( 4548): nativeReleaseSuspendBlocker name:PowerManagerService.WakeLocks duration ms: 1
08-14 23:29:09.681 D/PowerManagerService( 4548): nativeAcquireSuspendBlocker name:PowerManagerService.WakeLocks duration ms: 1
08-14 23:29:09.757 D/BluetoothSystemServer( 4548): BluetoothManagerService: isBluetoothPersistedStateOn: 2
08-14 23:29:09.757 D/BluetoothSystemServer( 4548): BluetoothManagerService: delayModeChangedIfNeeded(onAirplaneModeChanged): state=BLE_ON isAirplaneModeOn()=false isSatelliteModeOn()=false delayed=400ms
08-14 23:29:09.828 D/ccci_mdinit( 1711): (1):monitor_time_update_thread round:130093 ########
08-14 23:29:09.886 D/PowerManagerService( 4548): nativeReleaseSuspendBlocker name:PowerManagerService.WakeLocks duration ms: 0
08-14 23:29:10.159 D/BluetoothSystemServer( 4548): BluetoothManagerService: isBluetoothPersistedStateOn: 2
08-14 23:29:10.160 D/BluetoothSystemServer( 4548): BluetoothManagerService: delayModeChangedIfNeeded(onAirplaneModeChanged): state=BLE_ON isAirplaneModeOn()=false isSatelliteModeOn()=false delayed=400ms
08-14 23:29:10.561 D/BluetoothSystemServer( 4548): BluetoothManagerService: isBluetoothPersistedStateOn: 2
08-14 23:29:10.562 D/BluetoothSystemServer( 4548): BluetoothManagerService: delayModeChangedIfNeeded(onAirplaneModeChanged): state=BLE_ON isAirplaneModeOn()=false isSatelliteModeOn()=false delayed=400ms
08-14 23:29:10.631 D/ULogGuard( 1952): Monitoring: 16 threads, 0 requests, 0 time-bombs; 9 guards. ResetFlags = 0x7
08-14 23:29:10.963 D/BluetoothSystemServer( 4548): BluetoothManagerService: isBluetoothPersistedStateOn: 2
08-14 23:29:10.963 D/BluetoothSystemServer( 4548): BluetoothManagerService: delayModeChangedIfNeeded(onAirplaneModeChanged): state=BLE_ON isAirplaneModeOn()=false isSatelliteModeOn()=false delayed=400ms
08-14 23:29:11.364 D/BluetoothSystemServer( 4548): BluetoothManagerService: isBluetoothPersistedStateOn: 2
08-14 23:29:11.365 D/BluetoothSystemServer( 4548): BluetoothManagerService: delayModeChangedIfNeeded(onAirplaneModeChanged): state=BLE_ON isAirplaneModeOn()=false isSatelliteModeOn()=false delayed=400ms
08-14 23:29:11.607 D/BatteryService( 4548): uevent={POWER_SUPPLY_VOLTAGE_NOW=4234000, POWER_SUPPLY_VBUS_PRESENT=true, POWER_SUPPLY_TYPE=Battery, POWER_SUPPLY_HEALTH=Good, POWER_SUPPLY_TECHNOLOGY=Li-ion, POWER_SUPPLY_CHARGE_FULL_DESIGN=5972000, POWER_SUPPLY_CONSTANT_CHARGE_VOLTAGE=4300, SEQNUM=600470, POWER_SUPPLY_STATUS=Charging, POWER_SUPPLY_CYCLE_COUNT=316, POWER_SUPPLY_CAPACITY=70, DEVPATH=/devices/platform/11b20000.i2c/i2c-5/5-0034/11b20000.i2c:mt6375@34:mtk_gauge/power_supply/battery, POWER_SUPPLY_CHARGE_RATE=Turbo, POWER_SUPPLY_CURRENT_AVG=1834400, POWER_SUPPLY_CAPACITY_LEVEL=Normal, POWER_SUPPLY_CURRENT_NOW=1952800, POWER_SUPPLY_PRESENT=1, POWER_SUPPLY_POWER_WATT=15, POWER_SUPPLY_CHARGE_FULL=6035500, POWER_SUPPLY_TIME_TO_FULL_NOW=3558, SUBSYSTEM=power_supply, POWER_SUPPLY_TEMP=350, ACTION=change, POWER_SUPPLY_AGE=91, POWER_SUPPLY_NAME=battery, POWER_SUPPLY_LPD_PRESENT=false, POWER_SUPPLY_CHARGE_COUNTER=4224850}
08-14 23:29:11.607 D/BatteryService( 4548): uevent={POWER_SUPPLY_VOLTAGE_NOW=4234000, POWER_SUPPLY_VBUS_PRESENT=true, POWER_SUPPLY_TYPE=Battery, POWER_SUPPLY_HEALTH=Good, POWER_SUPPLY_TECHNOLOGY=Li-ion, POWER_SUPPLY_CHARGE_FULL_DESIGN=5972000, POWER_SUPPLY_CONSTANT_CHARGE_VOLTAGE=4300, SEQNUM=600470, POWER_SUPPLY_STATUS=Charging, POWER_SUPPLY_CYCLE_COUNT=316, POWER_SUPPLY_CAPACITY=70, DEVPATH=/devices/platform/11b20000.i2c/i2c-5/5-0034/11b20000.i2c:mt6375@34:mtk_gauge/power_supply/battery, POWER_SUPPLY_CHARGE_RATE=Turbo, POWER_SUPPLY_CURRENT_AVG=1834400, POWER_SUPPLY_CAPACITY_LEVEL=Normal, POWER_SUPPLY_CURRENT_NOW=1952800, POWER_SUPPLY_PRESENT=1, POWER_SUPPLY_POWER_WATT=15, POWER_SUPPLY_CHARGE_FULL=6035500, POWER_SUPPLY_TIME_TO_FULL_NOW=3558, SUBSYSTEM=power_supply, POWER_SUPPLY_TEMP=350, ACTION=change, POWER_SUPPLY_AGE=91, POWER_SUPPLY_NAME=battery, POWER_SUPPLY_LPD_PRESENT=false, POWER_SUPPLY_CHARGE_COUNTER=4224850}
08-14 23:29:11.615 D/PowerUI ( 4822): can't show warning due to - plugged: true status unknown: false
08-14 23:29:11.617 V/UiModeManager( 4548): updateLocked: null action, mDockState=0, category=null
08-14 23:29:11.617 D/UiModeManager( 4548): updateConfigurationLocked: mDockState=0; mCarMode=false; mNightMode=com.android.server.UiModeManagerService$1@f66f8ee; mNightModeCustomType=-1; uiMode=33
08-14 23:29:11.620 V/UiModeManager( 4548): updateLocked: null action, mDockState=0, category=null
08-14 23:29:11.620 D/UiModeManager( 4548): updateConfigurationLocked: mDockState=0; mCarMode=false; mNightMode=com.android.server.UiModeManagerService$1@f66f8ee; mNightModeCustomType=-1; uiMode=33
08-14 23:29:11.624 D/PowerUI ( 4822): can't show warning due to - plugged: true status unknown: false
08-14 23:29:11.644 D/PowerUI ( 4822): can't show warning due to - plugged: true status unknown: false
08-14 23:29:11.645 V/UiModeManager( 4548): updateLocked: null action, mDockState=0, category=null
08-14 23:29:11.645 D/UiModeManager( 4548): updateConfigurationLocked: mDockState=0; mCarMode=false; mNightMode=com.android.server.UiModeManagerService$1@f66f8ee; mNightModeCustomType=-1; uiMode=33
08-14 23:29:11.766 D/BluetoothSystemServer( 4548): BluetoothManagerService: isBluetoothPersistedStateOn: 2
08-14 23:29:11.767 D/BluetoothSystemServer( 4548): BluetoothManagerService: delayModeChangedIfNeeded(onAirplaneModeChanged): state=BLE_ON isAirplaneModeOn()=false isSatelliteModeOn()=false delayed=400ms
08-14 23:29:12.149 D/WidgetApplication(10204): updateExistWidget: android.intent.action.BATTERY_CHANGED
08-14 23:29:12.168 D/BluetoothSystemServer( 4548): BluetoothManagerService: isBluetoothPersistedStateOn: 2
08-14 23:29:12.168 D/BluetoothSystemServer( 4548): BluetoothManagerService: delayModeChangedIfNeeded(onAirplaneModeChanged): state=BLE_ON isAirplaneModeOn()=false isSatelliteModeOn()=false delayed=400ms
08-14 23:29:12.570 D/BluetoothSystemServer( 4548): BluetoothManagerService: isBluetoothPersistedStateOn: 2
08-14 23:29:12.570 D/BluetoothSystemServer( 4548): BluetoothManagerService: delayModeChangedIfNeeded(onAirplaneModeChanged): state=BLE_ON isAirplaneModeOn()=false isSatelliteModeOn()=false delayed=400ms
08-14 23:29:12.802 D/PowerManagerService( 4548): nativeAcquireSuspendBlocker name:PowerManagerService.WakeLocks duration ms: 1
08-14 23:29:12.972 D/BluetoothSystemServer( 4548): BluetoothManagerService: isBluetoothPersistedStateOn: 2
08-14 23:29:12.972 D/BluetoothSystemServer( 4548): BluetoothManagerService: delayModeChangedIfNeeded(onAirplaneModeChanged): state=BLE_ON isAirplaneModeOn()=false isSatelliteModeOn()=false delayed=400ms
08-14 23:29:13.007 D/PowerManagerService( 4548): nativeReleaseSuspendBlocker name:PowerManagerService.WakeLocks duration ms: 1
08-14 23:29:13.374 D/BluetoothSystemServer( 4548): BluetoothManagerService: isBluetoothPersistedStateOn: 2
08-14 23:29:13.374 D/BluetoothSystemServer( 4548): BluetoothManagerService: delayModeChangedIfNeeded(onAirplaneModeChanged): state=BLE_ON isAirplaneModeOn()=false isSatelliteModeOn()=false delayed=400ms
08-14 23:29:13.633 D/ULogGuard( 1952): Monitoring: 16 threads, 0 requests, 0 time-bombs; 9 guards. ResetFlags = 0x7
08-14 23:29:13.777 D/BluetoothSystemServer( 4548): BluetoothManagerService: isBluetoothPersistedStateOn: 2
08-14 23:29:13.777 D/BluetoothSystemServer( 4548): BluetoothManagerService: delayModeChangedIfNeeded(onAirplaneModeChanged): state=BLE_ON isAirplaneModeOn()=false isSatelliteModeOn()=false delayed=400ms
08-14 23:29:13.995 D/PowerManagerService( 4548): nativeAcquireSuspendBlocker name:PowerManagerService.WakeLocks duration ms: 1
08-14 23:29:14.008 D/PowerManagerService( 4548): nativeReleaseSuspendBlocker name:PowerManagerService.WakeLocks duration ms: 0
08-14 23:29:14.012 D/PowerManagerService( 4548): nativeAcquireSuspendBlocker name:PowerManagerService.WakeLocks duration ms: 1
08-14 23:29:14.017 W/PackageManager( 4548): Missing required system package: com.csam.icici.bank.imobile, but found with extended search.
08-14 23:29:14.019 V/GrammaticalInflectionUtils( 4548): AttributionSource: android.content.AttributionSource@c20a81bc does not have READ_SYSTEM_GRAMMATICAL_GENDER permission.
08-14 23:29:14.022 W/PackageManager( 4548): Missing required system package: com.csam.icici.bank.imobile, but found with extended search.
08-14 23:29:14.023 W/MotoBatteryCareService( 4548): isBatteryCareAllowedSelfStart restricted by mode.
08-14 23:29:14.023 W/MotoBatteryCareService( 4548): restricted process start because of alarm or job. packageName=com.csam.icici.bank.imobile
08-14 23:29:14.024 E/ActivityManager( 4548): Failure starting process com.csam.icici.bank.imobile
08-14 23:29:14.024 E/ActivityManager( 4548): java.lang.RuntimeException: SmartBackground restriction
08-14 23:29:14.024 E/ActivityManager( 4548): 	at com.android.server.am.ProcessList.startProcess(ProcessList.java:2595)
08-14 23:29:14.024 E/ActivityManager( 4548): 	at com.android.server.am.ProcessList.lambda$handleProcessStart$2(ProcessList.java:2369)
08-14 23:29:14.024 E/ActivityManager( 4548): 	at com.android.server.am.ProcessList.$r8$lambda$7tA7FGK86Ca7_MUb7SZX_VtkDjI(ProcessList.java:0)
08-14 23:29:14.024 E/ActivityManager( 4548): 	at com.android.server.am.ProcessList$$ExternalSyntheticLambda6.run(R8$$SyntheticClass:0)
08-14 23:29:14.024 E/ActivityManager( 4548): 	at com.android.server.am.ProcessList.handleProcessStart(ProcessList.java:2396)
08-14 23:29:14.024 E/ActivityManager( 4548): 	at com.android.server.am.ProcessList.lambda$startProcessLocked$1(ProcessList.java:2335)
08-14 23:29:14.024 E/ActivityManager( 4548): 	at com.android.server.am.ProcessList.$r8$lambda$CJ9r0QvrztLxvJRHzZHIx3Om9NE(ProcessList.java:0)
08-14 23:29:14.024 E/ActivityManager( 4548): 	at com.android.server.am.ProcessList$$ExternalSyntheticLambda5.run(R8$$SyntheticClass:0)
08-14 23:29:14.024 E/ActivityManager( 4548): 	at android.os.Handler.handleCallback(Handler.java:1001)
08-14 23:29:14.024 E/ActivityManager( 4548): 	at android.os.Handler.dispatchMessage(Handler.java:105)
08-14 23:29:14.024 E/ActivityManager( 4548): 	at android.os.Looper.loopOnce(Looper.java:268)
08-14 23:29:14.024 E/ActivityManager( 4548): 	at android.os.Looper.loop(Looper.java:384)
08-14 23:29:14.024 E/ActivityManager( 4548): 	at android.os.HandlerThread.run(HandlerThread.java:103)
08-14 23:29:14.024 E/ActivityManager( 4548): 	at com.android.server.ServiceThread.run(ServiceThread.java:46)
08-14 23:29:14.024 I/ActivityManager( 4548): Force stopping com.csam.icici.bank.imobile appid=10353 user=0: start failure
08-14 23:29:14.027 I/Authzen (23552): [DeviceStateSyncManager] The server is in sync with current state. Nothing to do
08-14 23:29:14.028 D/DisplayManagerService( 4548): Drop pending events for gone uid 10353
08-14 23:29:14.035 W/ProcessStats( 4548): Tracking association SourceState{4f40614 system/1000 ImpFg #3091037} whose proc state 5 is better than process ProcessState{4afd382 com.google.android.tts/10250 pkg=com.google.android.tts} proc state 14 (11 skipped)
08-14 23:29:14.035 I/ActivityManager( 4548):   Force stopping service ServiceRecord{f16798b u0 com.csam.icici.bank.imobile/androidx.work.impl.background.systemjob.SystemJobService c:android}
08-14 23:29:14.038 D/addPss  ( 4548): tracker=ProcessState{309fb6f com.motorola.timeweatherwidget:another/10254 pkg=com.motorola.timeweatherwidget}
08-14 23:29:14.038 W/PackageManager( 4548): Missing required system package: com.csam.icici.bank.imobile, but found with extended search.
08-14 23:29:14.039 V/GrammaticalInflectionUtils( 4548): AttributionSource: android.content.AttributionSource@c20a81bc does not have READ_SYSTEM_GRAMMATICAL_GENDER permission.
08-14 23:29:14.041 W/PackageManager( 4548): Missing required system package: com.csam.icici.bank.imobile, but found with extended search.
08-14 23:29:14.041 W/MotoBatteryCareService( 4548): isBatteryCareAllowedSelfStart restricted by mode.
08-14 23:29:14.041 W/MotoBatteryCareService( 4548): restricted process start because of alarm or job. packageName=com.csam.icici.bank.imobile
08-14 23:29:14.042 E/ActivityManager( 4548): Failure starting process com.csam.icici.bank.imobile
08-14 23:29:14.042 E/ActivityManager( 4548): java.lang.RuntimeException: SmartBackground restriction
08-14 23:29:14.042 E/ActivityManager( 4548): 	at com.android.server.am.ProcessList.startProcess(ProcessList.java:2595)
08-14 23:29:14.042 E/ActivityManager( 4548): 	at com.android.server.am.ProcessList.lambda$handleProcessStart$2(ProcessList.java:2369)
08-14 23:29:14.042 E/ActivityManager( 4548): 	at com.android.server.am.ProcessList.$r8$lambda$7tA7FGK86Ca7_MUb7SZX_VtkDjI(ProcessList.java:0)
08-14 23:29:14.042 E/ActivityManager( 4548): 	at com.android.server.am.ProcessList$$ExternalSyntheticLambda6.run(R8$$SyntheticClass:0)
08-14 23:29:14.042 E/ActivityManager( 4548): 	at com.android.server.am.ProcessList.handleProcessStart(ProcessList.java:2396)
08-14 23:29:14.042 E/ActivityManager( 4548): 	at com.android.server.am.ProcessList.lambda$startProcessLocked$1(ProcessList.java:2335)
08-14 23:29:14.042 E/ActivityManager( 4548): 	at com.android.server.am.ProcessList.$r8$lambda$CJ9r0QvrztLxvJRHzZHIx3Om9NE(ProcessList.java:0)
08-14 23:29:14.042 E/ActivityManager( 4548): 	at com.android.server.am.ProcessList$$ExternalSyntheticLambda5.run(R8$$SyntheticClass:0)
08-14 23:29:14.042 E/ActivityManager( 4548): 	at android.os.Handler.handleCallback(Handler.java:1001)
08-14 23:29:14.042 E/ActivityManager( 4548): 	at android.os.Handler.dispatchMessage(Handler.java:105)
08-14 23:29:14.042 E/ActivityManager( 4548): 	at android.os.Looper.loopOnce(Looper.java:268)
08-14 23:29:14.042 E/ActivityManager( 4548): 	at android.os.Looper.loop(Looper.java:384)
08-14 23:29:14.042 E/ActivityManager( 4548): 	at android.os.HandlerThread.run(HandlerThread.java:103)
08-14 23:29:14.042 E/ActivityManager( 4548): 	at com.android.server.ServiceThread.run(ServiceThread.java:46)
08-14 23:29:14.042 I/ActivityManager( 4548): Force stopping com.csam.icici.bank.imobile appid=10353 user=0: start failure
08-14 23:29:14.044 D/DisplayManagerService( 4548): Drop pending events for gone uid 10353
08-14 23:29:14.047 I/ActivityManager( 4548):   Force stopping service ServiceRecord{19fa514 u0 com.csam.icici.bank.imobile/androidx.work.impl.background.systemjob.SystemJobService c:android}
08-14 23:29:14.048 I/ActivityManager( 4548): Exiting empty application process 0:com.csam.icici.bank.imobile/u0a353 (null)
08-14 23:29:14.048 I/ActivityManager( 4548): Exiting empty application process 0:com.csam.icici.bank.imobile/u0a353 (null)
08-14 23:29:14.053 W/PackageManager( 4548): Missing required system package: com.csam.icici.bank.imobile, but found with extended search.
08-14 23:29:14.055 V/GrammaticalInflectionUtils( 4548): AttributionSource: android.content.AttributionSource@c20a81bc does not have READ_SYSTEM_GRAMMATICAL_GENDER permission.
08-14 23:29:14.056 W/PackageManager( 4548): Missing required system package: com.csam.icici.bank.imobile, but found with extended search.
08-14 23:29:14.056 W/MotoBatteryCareService( 4548): isBatteryCareAllowedSelfStart restricted by mode.
08-14 23:29:14.056 W/MotoBatteryCareService( 4548): restricted process start because of alarm or job. packageName=com.csam.icici.bank.imobile
08-14 23:29:14.058 E/JobServiceContext( 4548): Binding died for 0:com.csam.icici.bank.imobile
08-14 23:29:14.062 E/ActivityManager( 4548): Failure starting process com.csam.icici.bank.imobile
08-14 23:29:14.062 E/ActivityManager( 4548): java.lang.RuntimeException: SmartBackground restriction
08-14 23:29:14.062 E/ActivityManager( 4548): 	at com.android.server.am.ProcessList.startProcess(ProcessList.java:2595)
08-14 23:29:14.062 E/ActivityManager( 4548): 	at com.android.server.am.ProcessList.lambda$handleProcessStart$2(ProcessList.java:2369)
08-14 23:29:14.062 E/ActivityManager( 4548): 	at com.android.server.am.ProcessList.$r8$lambda$7tA7FGK86Ca7_MUb7SZX_VtkDjI(ProcessList.java:0)
08-14 23:29:14.062 E/ActivityManager( 4548): 	at com.android.server.am.ProcessList$$ExternalSyntheticLambda6.run(R8$$SyntheticClass:0)
08-14 23:29:14.062 E/ActivityManager( 4548): 	at com.android.server.am.ProcessList.handleProcessStart(ProcessList.java:2396)
08-14 23:29:14.062 E/ActivityManager( 4548): 	at com.android.server.am.ProcessList.lambda$startProcessLocked$1(ProcessList.java:2335)
08-14 23:29:14.062 E/ActivityManager( 4548): 	at com.android.server.am.ProcessList.$r8$lambda$CJ9r0QvrztLxvJRHzZHIx3Om9NE(ProcessList.java:0)
08-14 23:29:14.062 E/ActivityManager( 4548): 	at com.android.server.am.ProcessList$$ExternalSyntheticLambda5.run(R8$$SyntheticClass:0)
08-14 23:29:14.062 E/ActivityManager( 4548): 	at android.os.Handler.handleCallback(Handler.java:1001)
08-14 23:29:14.062 E/ActivityManager( 4548): 	at android.os.Handler.dispatchMessage(Handler.java:105)
08-14 23:29:14.062 E/ActivityManager( 4548): 	at android.os.Looper.loopOnce(Looper.java:268)
08-14 23:29:14.062 E/ActivityManager( 4548): 	at android.os.Looper.loop(Looper.java:384)
08-14 23:29:14.062 E/ActivityManager( 4548): 	at android.os.HandlerThread.run(HandlerThread.java:103)
08-14 23:29:14.062 E/ActivityManager( 4548): 	at com.android.server.ServiceThread.run(ServiceThread.java:46)
08-14 23:29:14.062 I/ActivityManager( 4548): Force stopping com.csam.icici.bank.imobile appid=10353 user=0: start failure
08-14 23:29:14.064 D/DisplayManagerService( 4548): Drop pending events for gone uid 10353
08-14 23:29:14.068 I/ActivityManager( 4548):   Force stopping service ServiceRecord{b2b1d98 u0 com.csam.icici.bank.imobile/androidx.work.impl.background.systemjob.SystemJobService c:android}
08-14 23:29:14.072 D/BoundBrokerSvc( 4449): onUnbind: Intent { act=com.google.android.gms.libs.gmscorelogger.service.START dat=chimera-action:/... cmp=com.google.android.gms/.chimera.PersistentDirectBootAwareApiService }
08-14 23:29:14.072 E/JobServiceContext( 4548): Binding died for 0:com.csam.icici.bank.imobile
08-14 23:29:14.072 I/ActivityManager( 4548): Exiting empty application process 0:com.csam.icici.bank.imobile/u0a353 (null)
08-14 23:29:14.084 E/JobServiceContext( 4548): Binding died for 0:com.csam.icici.bank.imobile
08-14 23:29:14.085 D/PowerManagerService( 4548): nativeReleaseSuspendBlocker name:PowerManagerService.WakeLocks duration ms: 0
08-14 23:29:14.179 D/BluetoothSystemServer( 4548): BluetoothManagerService: isBluetoothPersistedStateOn: 2
08-14 23:29:14.179 D/BluetoothSystemServer( 4548): BluetoothManagerService: delayModeChangedIfNeeded(onAirplaneModeChanged): state=BLE_ON isAirplaneModeOn()=false isSatelliteModeOn()=false delayed=400ms
08-14 23:29:14.580 D/BluetoothSystemServer( 4548): BluetoothManagerService: isBluetoothPersistedStateOn: 2
08-14 23:29:14.581 D/BluetoothSystemServer( 4548): BluetoothManagerService: delayModeChangedIfNeeded(onAirplaneModeChanged): state=BLE_ON isAirplaneModeOn()=false isSatelliteModeOn()=false delayed=400ms
08-14 23:29:14.982 D/BluetoothSystemServer( 4548): BluetoothManagerService: isBluetoothPersistedStateOn: 2
08-14 23:29:14.983 D/BluetoothSystemServer( 4548): BluetoothManagerService: delayModeChangedIfNeeded(onAirplaneModeChanged): state=BLE_ON isAirplaneModeOn()=false isSatelliteModeOn()=false delayed=400ms
08-14 23:29:15.385 D/BluetoothSystemServer( 4548): BluetoothManagerService: isBluetoothPersistedStateOn: 2
08-14 23:29:15.385 D/BluetoothSystemServer( 4548): BluetoothManagerService: delayModeChangedIfNeeded(onAirplaneModeChanged): state=BLE_ON isAirplaneModeOn()=false isSatelliteModeOn()=false delayed=400ms
08-14 23:29:15.787 D/BluetoothSystemServer( 4548): BluetoothManagerService: isBluetoothPersistedStateOn: 2
08-14 23:29:15.787 D/BluetoothSystemServer( 4548): BluetoothManagerService: delayModeChangedIfNeeded(onAirplaneModeChanged): state=BLE_ON isAirplaneModeOn()=false isSatelliteModeOn()=false delayed=400ms
08-14 23:29:15.881 D/PowerManagerService( 4548): nativeAcquireSuspendBlocker name:PowerManagerService.WakeLocks duration ms: 2
08-14 23:29:16.086 D/PowerManagerService( 4548): nativeReleaseSuspendBlocker name:PowerManagerService.WakeLocks duration ms: 0
08-14 23:29:16.189 D/BluetoothSystemServer( 4548): BluetoothManagerService: isBluetoothPersistedStateOn: 2
08-14 23:29:16.189 D/BluetoothSystemServer( 4548): BluetoothManagerService: delayModeChangedIfNeeded(onAirplaneModeChanged): state=BLE_ON isAirplaneModeOn()=false isSatelliteModeOn()=false delayed=400ms
08-14 23:29:16.591 D/BluetoothSystemServer( 4548): BluetoothManagerService: isBluetoothPersistedStateOn: 2
08-14 23:29:16.591 D/BluetoothSystemServer( 4548): BluetoothManagerService: delayModeChangedIfNeeded(onAirplaneModeChanged): state=BLE_ON isAirplaneModeOn()=false isSatelliteModeOn()=false delayed=400ms
08-14 23:29:16.634 D/ULogGuard( 1952): Monitoring: 16 threads, 0 requests, 0 time-bombs; 9 guards. ResetFlags = 0x7
08-14 23:29:16.992 D/BluetoothSystemServer( 4548): BluetoothManagerService: isBluetoothPersistedStateOn: 2
08-14 23:29:16.993 D/BluetoothSystemServer( 4548): BluetoothManagerService: delayModeChangedIfNeeded(onAirplaneModeChanged): state=BLE_ON isAirplaneModeOn()=false isSatelliteModeOn()=false delayed=400ms
08-14 23:29:17.130 I/EnhancedConnectivity( 4548): [DataStallService] isPoorSignal = false
08-14 23:29:17.139 E/ServiceAvailability( 4449): Too many files
08-14 23:29:17.394 D/BluetoothSystemServer( 4548): BluetoothManagerService: isBluetoothPersistedStateOn: 2
08-14 23:29:17.394 D/BluetoothSystemServer( 4548): BluetoothManagerService: delayModeChangedIfNeeded(onAirplaneModeChanged): state=BLE_ON isAirplaneModeOn()=false isSatelliteModeOn()=false delayed=400ms
08-14 23:29:17.796 D/BluetoothSystemServer( 4548): BluetoothManagerService: isBluetoothPersistedStateOn: 2
08-14 23:29:17.796 D/BluetoothSystemServer( 4548): BluetoothManagerService: delayModeChangedIfNeeded(onAirplaneModeChanged): state=BLE_ON isAirplaneModeOn()=false isSatelliteModeOn()=false delayed=400ms
08-14 23:29:18.197 D/BluetoothSystemServer( 4548): BluetoothManagerService: isBluetoothPersistedStateOn: 2
08-14 23:29:18.198 D/BluetoothSystemServer( 4548): BluetoothManagerService: delayModeChangedIfNeeded(onAirplaneModeChanged): state=BLE_ON isAirplaneModeOn()=false isSatelliteModeOn()=false delayed=400ms
08-14 23:29:18.457 E/ServiceAvailability(23552): Too many files
08-14 23:29:18.463 I/gle.android.gms(23552): Explicit concurrent mark compact GC freed 18MB AllocSpace bytes, 12(856KB) LOS objects, 75% free, 27MB/111MB, paused 541us,2.108ms total 168.773ms
08-14 23:29:18.469 W/System  (23552): A resource failed to call AbstractCursor.close. 
08-14 23:29:18.472 W/System  (23552): A resource failed to call CursorWrapperInner.close. 
08-14 23:29:18.473 W/System  (23552): A resource failed to call AbstractCursor.close. 
08-14 23:29:18.475 W/System  (23552): A resource failed to call CursorWrapperInner.close. 
08-14 23:29:18.476 W/System  (23552): A resource failed to call AbstractCursor.close. 
08-14 23:29:18.478 W/System  (23552): A resource failed to call CursorWrapperInner.close. 
08-14 23:29:18.479 W/System  (23552): A resource failed to call AbstractCursor.close. 
08-14 23:29:18.482 W/System  (23552): A resource failed to call CursorWrapperInner.close. 
08-14 23:29:18.482 W/System  (23552): A resource failed to call AbstractCursor.close. 
08-14 23:29:18.485 W/System  (23552): A resource failed to call CursorWrapperInner.close. 
08-14 23:29:18.485 W/System  (23552): A resource failed to call AbstractCursor.close. 
08-14 23:29:18.489 W/System  (23552): A resource failed to call CursorWrapperInner.close. 
08-14 23:29:18.490 W/gle.android.gms(23552): ApkAssets: Deleting an ApkAssets object '<empty> and /data/app/~~qkBsIjEtmqC9LVprtp2q6g==/com.whatsapp-mJqsr3unppGDnItRuM8Mgw==/base.apk' with 1 weak references
08-14 23:29:18.492 W/gle.android.gms(23552): ApkAssets: Deleting an ApkAssets object '<empty> and /data/app/~~qkBsIjEtmqC9LVprtp2q6g==/com.whatsapp-mJqsr3unppGDnItRuM8Mgw==/split_config.arm64_v8a.apk' with 1 weak references
08-14 23:29:18.492 W/gle.android.gms(23552): ApkAssets: Deleting an ApkAssets object '<empty> and /data/app/~~qkBsIjEtmqC9LVprtp2q6g==/com.whatsapp-mJqsr3unppGDnItRuM8Mgw==/split_config.xxhdpi.apk' with 1 weak references
08-14 23:29:18.492 W/gle.android.gms(23552): ApkAssets: Deleting an ApkAssets object '<empty> and /data/app/~~qkBsIjEtmqC9LVprtp2q6g==/com.whatsapp-mJqsr3unppGDnItRuM8Mgw==/split_i18n_bn.apk' with 1 weak references
08-14 23:29:18.493 W/gle.android.gms(23552): ApkAssets: Deleting an ApkAssets object '<empty> and /data/app/~~qkBsIjEtmqC9LVprtp2q6g==/com.whatsapp-mJqsr3unppGDnItRuM8Mgw==/split_i18n_en.apk' with 1 weak references
08-14 23:29:18.493 W/gle.android.gms(23552): ApkAssets: Deleting an ApkAssets object '<empty> and /data/app/~~qkBsIjEtmqC9LVprtp2q6g==/com.whatsapp-mJqsr3unppGDnItRuM8Mgw==/split_i18n_gu.apk' with 1 weak references
08-14 23:29:18.493 W/gle.android.gms(23552): ApkAssets: Deleting an ApkAssets object '<empty> and /data/app/~~qkBsIjEtmqC9LVprtp2q6g==/com.whatsapp-mJqsr3unppGDnItRuM8Mgw==/split_i18n_hi.apk' with 1 weak references
08-14 23:29:18.493 W/gle.android.gms(23552): ApkAssets: Deleting an ApkAssets object '<empty> and /data/app/~~qkBsIjEtmqC9LVprtp2q6g==/com.whatsapp-mJqsr3unppGDnItRuM8Mgw==/split_i18n_kn.apk' with 1 weak references
08-14 23:29:18.494 W/gle.android.gms(23552): ApkAssets: Deleting an ApkAssets object '<empty> and /data/app/~~qkBsIjEtmqC9LVprtp2q6g==/com.whatsapp-mJqsr3unppGDnItRuM8Mgw==/split_i18n_ml.apk' with 1 weak references
08-14 23:29:18.494 W/gle.android.gms(23552): ApkAssets: Deleting an ApkAssets object '<empty> and /data/app/~~qkBsIjEtmqC9LVprtp2q6g==/com.whatsapp-mJqsr3unppGDnItRuM8Mgw==/split_i18n_mr.apk' with 1 weak references
08-14 23:29:18.494 W/gle.android.gms(23552): ApkAssets: Deleting an ApkAssets object '<empty> and /data/app/~~qkBsIjEtmqC9LVprtp2q6g==/com.whatsapp-mJqsr3unppGDnItRuM8Mgw==/split_i18n_pa.apk' with 1 weak references
08-14 23:29:18.494 W/gle.android.gms(23552): ApkAssets: Deleting an ApkAssets object '<empty> and /data/app/~~qkBsIjEtmqC9LVprtp2q6g==/com.whatsapp-mJqsr3unppGDnItRuM8Mgw==/split_i18n_ta.apk' with 1 weak references
08-14 23:29:18.495 W/gle.android.gms(23552): ApkAssets: Deleting an ApkAssets object '<empty> and /data/app/~~qkBsIjEtmqC9LVprtp2q6g==/com.whatsapp-mJqsr3unppGDnItRuM8Mgw==/split_i18n_te.apk' with 1 weak references
08-14 23:29:18.495 W/gle.android.gms(23552): ApkAssets: Deleting an ApkAssets object '<empty> and /data/app/~~qkBsIjEtmqC9LVprtp2q6g==/com.whatsapp-mJqsr3unppGDnItRuM8Mgw==/split_i18n_ur.apk' with 1 weak references
08-14 23:29:18.496 W/gle.android.gms(23552): ApkAssets: Deleting an ApkAssets object '<empty> and /data/app/~~2zKOpVZ7mYwlniz9CHwWEQ==/com.google.android.apps.tachyon-DgfJaTQD0kGBThWU6QAQUA==/base.apk' with 1 weak references
08-14 23:29:18.496 W/gle.android.gms(23552): ApkAssets: Deleting an ApkAssets object '<empty> and /data/app/~~2zKOpVZ7mYwlniz9CHwWEQ==/com.google.android.apps.tachyon-DgfJaTQD0kGBThWU6QAQUA==/split_config.arm64_v8a.apk' with 1 weak references
08-14 23:29:18.497 W/gle.android.gms(23552): ApkAssets: Deleting an ApkAssets object '<empty> and /data/app/~~2zKOpVZ7mYwlniz9CHwWEQ==/com.google.android.apps.tachyon-DgfJaTQD0kGBThWU6QAQUA==/split_config.en.apk' with 1 weak references
08-14 23:29:18.497 W/gle.android.gms(23552): ApkAssets: Deleting an ApkAssets object '<empty> and /data/app/~~2zKOpVZ7mYwlniz9CHwWEQ==/com.google.android.apps.tachyon-DgfJaTQD0kGBThWU6QAQUA==/split_config.xxhdpi.apk' with 1 weak references
08-14 23:29:18.599 D/BluetoothSystemServer( 4548): BluetoothManagerService: isBluetoothPersistedStateOn: 2
08-14 23:29:18.599 D/BluetoothSystemServer( 4548): BluetoothManagerService: delayModeChangedIfNeeded(onAirplaneModeChanged): state=BLE_ON isAirplaneModeOn()=false isSatelliteModeOn()=false delayed=400ms
08-14 23:29:19.001 D/BluetoothSystemServer( 4548): BluetoothManagerService: isBluetoothPersistedStateOn: 2
08-14 23:29:19.001 D/BluetoothSystemServer( 4548): BluetoothManagerService: delayModeChangedIfNeeded(onAirplaneModeChanged): state=BLE_ON isAirplaneModeOn()=false isSatelliteModeOn()=false delayed=400ms
08-14 23:29:19.402 D/BluetoothSystemServer( 4548): BluetoothManagerService: isBluetoothPersistedStateOn: 2
08-14 23:29:19.402 D/BluetoothSystemServer( 4548): BluetoothManagerService: delayModeChangedIfNeeded(onAirplaneModeChanged): state=BLE_ON isAirplaneModeOn()=false isSatelliteModeOn()=false delayed=400ms
08-14 23:29:19.481 D/PowerManagerService( 4548): nativeAcquireSuspendBlocker name:PowerManagerService.WakeLocks duration ms: 1
08-14 23:29:19.635 D/ULogGuard( 1952): Monitoring: 16 threads, 0 requests, 0 time-bombs; 9 guards. ResetFlags = 0x7
08-14 23:29:19.687 D/PowerManagerService( 4548): nativeReleaseSuspendBlocker name:PowerManagerService.WakeLocks duration ms: 0
08-14 23:29:19.804 D/BluetoothSystemServer( 4548): BluetoothManagerService: isBluetoothPersistedStateOn: 2
08-14 23:29:19.805 D/BluetoothSystemServer( 4548): BluetoothManagerService: delayModeChangedIfNeeded(onAirplaneModeChanged): state=BLE_ON isAirplaneModeOn()=false isSatelliteModeOn()=false delayed=400ms
08-14 23:29:20.207 D/BluetoothSystemServer( 4548): BluetoothManagerService: isBluetoothPersistedStateOn: 2
08-14 23:29:20.208 D/BluetoothSystemServer( 4548): BluetoothManagerService: delayModeChangedIfNeeded(onAirplaneModeChanged): state=BLE_ON isAirplaneModeOn()=false isSatelliteModeOn()=false delayed=400ms
08-14 23:29:20.611 D/BluetoothSystemServer( 4548): BluetoothManagerService: isBluetoothPersistedStateOn: 2
08-14 23:29:20.612 D/BluetoothSystemServer( 4548): BluetoothManagerService: delayModeChangedIfNeeded(onAirplaneModeChanged): state=BLE_ON isAirplaneModeOn()=false isSatelliteModeOn()=false delayed=400ms
08-14 23:29:20.866 V/UiModeManager( 4548): updateLocked: null action, mDockState=0, category=null
08-14 23:29:20.867 D/PowerUI ( 4822): can't show warning due to - plugged: true status unknown: false
08-14 23:29:20.867 D/UiModeManager( 4548): updateConfigurationLocked: mDockState=0; mCarMode=false; mNightMode=com.android.server.UiModeManagerService$1@f66f8ee; mNightModeCustomType=-1; uiMode=33
08-14 23:29:21.013 D/BluetoothSystemServer( 4548): BluetoothManagerService: isBluetoothPersistedStateOn: 2
08-14 23:29:21.013 D/BluetoothSystemServer( 4548): BluetoothManagerService: delayModeChangedIfNeeded(onAirplaneModeChanged): state=BLE_ON isAirplaneModeOn()=false isSatelliteModeOn()=false delayed=400ms
08-14 23:29:21.133 D/PowerManagerService( 4548): nativeAcquireSuspendBlocker name:PowerManagerService.WakeLocks duration ms: 2
08-14 23:29:21.167 I/AlarmManager( 4449): setExactAndAllowWhileIdle [name: FcmRetry type: 2 triggerAtMillis: 2302269508]
08-14 23:29:21.172 W/PackageManager( 4548): Missing required system package: app.oneone.one_one_app, but found with extended search.
08-14 23:29:21.185 I/OneOneFCM(24099): [FCM-07] Message received id=0:1786730360781248%6c66b22ef9fd7ecd keys=ackUrl,audioUrl,deliveryToken,durationMs,eventId,expiresAt,groupId,responseUrl,senderAvatarAsset,senderName,senderUserId,type
08-14 23:29:21.185 I/OneOneFCM(24099): [FCM-09] Starting native playback kind=voice_nudge eventSuffix=9a2fc0
08-14 23:29:21.192 I/OneOneFCM(24099): [FCM-10] Playback service accepted kind=voice_nudge eventSuffix=9a2fc0
08-14 23:29:21.201 W/ActivityManager( 4548): Foreground service started from background can not have location/camera/microphone access: service app.oneone.one_one_app/.VoiceNudgePlaybackService
08-14 23:29:21.206 D/FirebasePerformance(24099): Fetched value: 'true' for key: 'fpr_enabled' from Firebase Remote Config.
08-14 23:29:21.207 D/FirebasePerformance(24099): Fetched value: '' for key: 'fpr_disabled_android_versions' from Firebase Remote Config.
08-14 23:29:21.249 D/BufferQueueConsumer(15363): [](id:3c0300000221,api:0,p:-1,c:15363) connect: controlledByApp=true
08-14 23:29:21.262 D/Surface (15363): Surface::disconnect
08-14 23:29:21.265 D/BufferQueueConsumer(15363): [ImageReader-48x48f1u2816m2-15363-439](id:3c0300000221,api:0,p:-1,c:15363) disconnect
08-14 23:29:21.267 D/BufferQueueConsumer(15363): [](id:3c0300000222,api:0,p:-1,c:15363) connect: controlledByApp=true
08-14 23:29:21.275 D/Surface (15363): Surface::disconnect
08-14 23:29:21.276 D/BufferQueueConsumer(15363): [ImageReader-48x48f1u2816m2-15363-440](id:3c0300000222,api:0,p:-1,c:15363) disconnect
08-14 23:29:21.325 I/BufferQueueProducer( 1694): [StatusBar#276](this:0xb400007b24994020,id:-1,api:0,p:-1,c:1694) queueBuffer: fps=0.05 dur=21239.35 max=21239.35 min=21239.35
08-14 23:29:21.327 E/HWC2    ( 1694): Invalid CT ID. displayId: 0
08-14 23:29:21.332 I/Scheduler( 1694): applyPolicy: UpdateRefreshRate 30 to 120 of group 0: [touch=0:0 touchBoost=0 scroll=0:0 idle=0:0]
08-14 23:29:21.332 D/DisplayModeController( 1694): setDesiredMode 0 {mode={fps=120.00 Hz, modePtr={id=0, vsyncRate=120.00 Hz, peakRefreshRate=120.00 Hz}}, emitEvent=true, force=false}
08-14 23:29:21.332 D/Scheduler( 1694): MtkOverrideDuration: update vsync 120
08-14 23:29:21.332 D/Scheduler( 1694): MtkOverrideDuration: reset override duration
08-14 23:29:21.332 I/PowerHalWrapper( 1694): updateFps(): 120
08-14 23:29:21.335 I/BufferQueueProducer( 1694): [FramebufferSurface](this:0xb400007b51f806d0,id:-1,api:1,p:1694,c:1694) queueBuffer: fps=0.05 dur=21237.53 max=21237.53 min=21237.53
08-14 23:29:21.336 I/hwcomposer( 1604): [HWCDisplay] [Display_0 (type:1)] fps:0.047087,dur:21237.43,max:21237.43,min:21237.43  
08-14 23:29:21.387 I/BufferQueueProducer( 1694): [com.motorola.launcher3/com.android.launcher3.CustomizationPanelLauncher#84848](this:0xb400007b24e1b820,id:-1,api:0,p:-1,c:1694) queueBuffer: fps=1.85 dur=34554.33 max=33638.99 min=4.54
08-14 23:29:21.388 I/SurfaceFlinger( 1694): initiateDisplayModeChanges changing active mode from 3(30.00 Hz:0) to 0(120.00 Hz:0) for display 0
08-14 23:29:21.389 I/hwcomposer( 1604): [HWC] (0) displaySetActiveConfig config:0  
08-14 23:29:21.389 I/SurfaceFlinger( 1694): initiateDisplayModeChanges active mode changed to 0(120.00 Hz) for display 0. mBrightnessDimingCnt=0
08-14 23:29:21.389 E/HWC2    ( 1694): Invalid CT ID. displayId: 0
08-14 23:29:21.415 D/BluetoothSystemServer( 4548): BluetoothManagerService: isBluetoothPersistedStateOn: 2
08-14 23:29:21.415 D/BluetoothSystemServer( 4548): BluetoothManagerService: delayModeChangedIfNeeded(onAirplaneModeChanged): state=BLE_ON isAirplaneModeOn()=false isSatelliteModeOn()=false delayed=400ms
08-14 23:29:21.420 D/SurfaceFlinger( 1694): backpressure when mode change
08-14 23:29:21.450 W/NotificationHistory( 4548): Attempted to add notif for locked/gone/disabled user 0
08-14 23:29:21.453 I/PowerHalWrapper( 1694): updateFps(): 120
08-14 23:29:21.455 I/SurfaceFlinger( 1694): initiateDisplayModeChanges changing active mode from 0(120.00 Hz:0) to 0(120.00 Hz:0) for display 0
08-14 23:29:21.455 I/PowerHalWrapper( 1694): updateFps(): 120
08-14 23:29:21.455 E/HWC2    ( 1694): Invalid CT ID. displayId: 0
08-14 23:29:21.464 D/PowerManagerService( 4548): nativeReleaseSuspendBlocker name:PowerManagerService.WakeLocks duration ms: 0
08-14 23:29:21.468 E/HWC2    ( 1694): Invalid CT ID. displayId: 0
08-14 23:29:21.479 E/HWC2    ( 1694): Invalid CT ID. displayId: 0
08-14 23:29:21.488 E/HWC2    ( 1694): Invalid CT ID. displayId: 0
08-14 23:29:21.488 D/BufferQueueConsumer(15363): [](id:3c0300000223,api:0,p:-1,c:15363) connect: controlledByApp=true
08-14 23:29:21.495 E/HWC2    ( 1694): Invalid CT ID. displayId: 0
08-14 23:29:21.497 D/Surface (15363): Surface::disconnect
08-14 23:29:21.498 D/BufferQueueConsumer(15363): [ImageReader-48x48f1u2816m2-15363-441](id:3c0300000223,api:0,p:-1,c:15363) disconnect
08-14 23:29:21.499 D/BufferQueueConsumer(15363): [](id:3c0300000224,api:0,p:-1,c:15363) connect: controlledByApp=true
08-14 23:29:21.503 D/Surface (15363): Surface::disconnect
08-14 23:29:21.504 E/HWC2    ( 1694): Invalid CT ID. displayId: 0
08-14 23:29:21.504 D/BufferQueueConsumer(15363): [ImageReader-48x48f1u2816m2-15363-442](id:3c0300000224,api:0,p:-1,c:15363) disconnect
08-14 23:29:21.512 E/HWC2    ( 1694): Invalid CT ID. displayId: 0
08-14 23:29:21.523 E/HWC2    ( 1694): Invalid CT ID. displayId: 0
08-14 23:29:21.537 E/HWC2    ( 1694): Invalid CT ID. displayId: 0
08-14 23:29:21.548 E/HWC2    ( 1694): Invalid CT ID. displayId: 0
08-14 23:29:21.562 E/HWC2    ( 1694): Invalid CT ID. displayId: 0
08-14 23:29:21.570 E/HWC2    ( 1694): Invalid CT ID. displayId: 0
08-14 23:29:21.578 E/HWC2    ( 1694): Invalid CT ID. displayId: 0
08-14 23:29:21.587 E/HWC2    ( 1694): Invalid CT ID. displayId: 0
08-14 23:29:21.595 E/HWC2    ( 1694): Invalid CT ID. displayId: 0
08-14 23:29:21.603 E/HWC2    ( 1694): Invalid CT ID. displayId: 0
08-14 23:29:21.611 E/HWC2    ( 1694): Invalid CT ID. displayId: 0
08-14 23:29:21.620 E/HWC2    ( 1694): Invalid CT ID. displayId: 0
08-14 23:29:21.629 E/HWC2    ( 1694): Invalid CT ID. displayId: 0
08-14 23:29:21.637 E/HWC2    ( 1694): Invalid CT ID. displayId: 0
08-14 23:29:21.644 D/BatteryService( 4548): uevent={POWER_SUPPLY_VOLTAGE_NOW=4211000, POWER_SUPPLY_VBUS_PRESENT=true, POWER_SUPPLY_TYPE=Battery, POWER_SUPPLY_HEALTH=Good, POWER_SUPPLY_TECHNOLOGY=Li-ion, POWER_SUPPLY_CHARGE_FULL_DESIGN=5972000, POWER_SUPPLY_CONSTANT_CHARGE_VOLTAGE=4300, SEQNUM=600471, POWER_SUPPLY_STATUS=Charging, POWER_SUPPLY_CYCLE_COUNT=316, POWER_SUPPLY_CAPACITY=70, DEVPATH=/devices/platform/11b20000.i2c/i2c-5/5-0034/11b20000.i2c:mt6375@34:mtk_gauge/power_supply/battery, POWER_SUPPLY_CHARGE_RATE=Turbo, POWER_SUPPLY_CURRENT_AVG=1927200, POWER_SUPPLY_CAPACITY_LEVEL=Normal, POWER_SUPPLY_CURRENT_NOW=1633700, POWER_SUPPLY_PRESENT=1, POWER_SUPPLY_POWER_WATT=15, POWER_SUPPLY_CHARGE_FULL=6035500, POWER_SUPPLY_TIME_TO_FULL_NOW=4526, SUBSYSTEM=power_supply, POWER_SUPPLY_TEMP=350, ACTION=change, POWER_SUPPLY_AGE=91, POWER_SUPPLY_NAME=battery, POWER_SUPPLY_LPD_PRESENT=false, POWER_SUPPLY_CHARGE_COUNTER=4224850}
08-14 23:29:21.644 D/BatteryService( 4548): uevent={POWER_SUPPLY_VOLTAGE_NOW=4211000, POWER_SUPPLY_VBUS_PRESENT=true, POWER_SUPPLY_TYPE=Battery, POWER_SUPPLY_HEALTH=Good, POWER_SUPPLY_TECHNOLOGY=Li-ion, POWER_SUPPLY_CHARGE_FULL_DESIGN=5972000, POWER_SUPPLY_CONSTANT_CHARGE_VOLTAGE=4300, SEQNUM=600471, POWER_SUPPLY_STATUS=Charging, POWER_SUPPLY_CYCLE_COUNT=316, POWER_SUPPLY_CAPACITY=70, DEVPATH=/devices/platform/11b20000.i2c/i2c-5/5-0034/11b20000.i2c:mt6375@34:mtk_gauge/power_supply/battery, POWER_SUPPLY_CHARGE_RATE=Turbo, POWER_SUPPLY_CURRENT_AVG=1927200, POWER_SUPPLY_CAPACITY_LEVEL=Normal, POWER_SUPPLY_CURRENT_NOW=1633700, POWER_SUPPLY_PRESENT=1, POWER_SUPPLY_POWER_WATT=15, POWER_SUPPLY_CHARGE_FULL=6035500, POWER_SUPPLY_TIME_TO_FULL_NOW=4526, SUBSYSTEM=power_supply, POWER_SUPPLY_TEMP=350, ACTION=change, POWER_SUPPLY_AGE=91, POWER_SUPPLY_NAME=battery, POWER_SUPPLY_LPD_PRESENT=false, POWER_SUPPLY_CHARGE_COUNTER=4224850}
08-14 23:29:21.645 E/HWC2    ( 1694): Invalid CT ID. displayId: 0
08-14 23:29:21.648 V/UiModeManager( 4548): updateLocked: null action, mDockState=0, category=null
08-14 23:29:21.648 D/UiModeManager( 4548): updateConfigurationLocked: mDockState=0; mCarMode=false; mNightMode=com.android.server.UiModeManagerService$1@f66f8ee; mNightModeCustomType=-1; uiMode=33
08-14 23:29:21.653 E/HWC2    ( 1694): Invalid CT ID. displayId: 0
08-14 23:29:21.653 D/PowerUI ( 4822): can't show warning due to - plugged: true status unknown: false
08-14 23:29:21.661 E/HWC2    ( 1694): Invalid CT ID. displayId: 0
08-14 23:29:21.669 E/HWC2    ( 1694): Invalid CT ID. displayId: 0
08-14 23:29:21.678 E/HWC2    ( 1694): Invalid CT ID. displayId: 0
08-14 23:29:21.678 V/UiModeManager( 4548): updateLocked: null action, mDockState=0, category=null
08-14 23:29:21.678 D/UiModeManager( 4548): updateConfigurationLocked: mDockState=0; mCarMode=false; mNightMode=com.android.server.UiModeManagerService$1@f66f8ee; mNightModeCustomType=-1; uiMode=33
08-14 23:29:21.686 E/HWC2    ( 1694): Invalid CT ID. displayId: 0
08-14 23:29:21.694 D/PowerUI ( 4822): can't show warning due to - plugged: true status unknown: false
08-14 23:29:21.694 E/HWC2    ( 1694): Invalid CT ID. displayId: 0
08-14 23:29:21.702 E/HWC2    ( 1694): Invalid CT ID. displayId: 0
08-14 23:29:21.706 D/LocalImageResolver( 4822): Couldn't use ImageDecoder for drawable, falling back to non-resized load.
08-14 23:29:21.711 E/HWC2    ( 1694): Invalid CT ID. displayId: 0
08-14 23:29:21.715 D/LocalImageResolver( 4822): Couldn't use ImageDecoder for drawable, falling back to non-resized load.
08-14 23:29:21.719 E/HWC2    ( 1694): Invalid CT ID. displayId: 0
08-14 23:29:21.728 E/HWC2    ( 1694): Invalid CT ID. displayId: 0
08-14 23:29:21.736 E/HWC2    ( 1694): Invalid CT ID. displayId: 0
08-14 23:29:21.744 E/HWC2    ( 1694): Invalid CT ID. displayId: 0
08-14 23:29:21.753 E/HWC2    ( 1694): Invalid CT ID. displayId: 0
08-14 23:29:21.761 E/HWC2    ( 1694): Invalid CT ID. displayId: 0
08-14 23:29:21.770 E/HWC2    ( 1694): Invalid CT ID. displayId: 0
08-14 23:29:21.779 E/HWC2    ( 1694): Invalid CT ID. displayId: 0
08-14 23:29:21.788 E/HWC2    ( 1694): Invalid CT ID. displayId: 0
08-14 23:29:21.803 E/HWC2    ( 1694): Invalid CT ID. displayId: 0
08-14 23:29:21.811 E/HWC2    ( 1694): Invalid CT ID. displayId: 0
08-14 23:29:21.817 D/BluetoothSystemServer( 4548): BluetoothManagerService: isBluetoothPersistedStateOn: 2
08-14 23:29:21.817 D/BluetoothSystemServer( 4548): BluetoothManagerService: delayModeChangedIfNeeded(onAirplaneModeChanged): state=BLE_ON isAirplaneModeOn()=false isSatelliteModeOn()=false delayed=400ms
08-14 23:29:21.819 E/HWC2    ( 1694): Invalid CT ID. displayId: 0
08-14 23:29:21.828 E/HWC2    ( 1694): Invalid CT ID. displayId: 0
08-14 23:29:21.838 E/HWC2    ( 1694): Invalid CT ID. displayId: 0
08-14 23:29:21.853 E/HWC2    ( 1694): Invalid CT ID. displayId: 0
08-14 23:29:21.862 E/HWC2    ( 1694): Invalid CT ID. displayId: 0
08-14 23:29:22.038 E/HWC2    ( 1694): Invalid CT ID. displayId: 0
08-14 23:29:22.218 D/BluetoothSystemServer( 4548): BluetoothManagerService: isBluetoothPersistedStateOn: 2
08-14 23:29:22.218 D/BluetoothSystemServer( 4548): BluetoothManagerService: delayModeChangedIfNeeded(onAirplaneModeChanged): state=BLE_ON isAirplaneModeOn()=false isSatelliteModeOn()=false delayed=400ms
08-14 23:29:22.262 I/libPerfCtl( 1650): xgfGetFPS pid:4822 fps:-1
08-14 23:29:22.262 I/libPerfCtl( 1650): xgfGetFPS pid:15363 fps:89
08-14 23:29:22.262 I/libPowerHal( 1650): [updateFPS] pid(15363) : -1 => 90
08-14 23:29:22.263 I/libPowerHal( 1650): [perfNotifyAppState] pack:com.motorola.launcher3, act:com.android.launcher3.CustomizationPanelLauncher, state:5, pid:15363, uid:10290, fps:90
08-14 23:29:22.264 I/UxUtility( 1650): notifyForegroundApp pack:com.motorola.launcher3, uid:10290
08-14 23:29:22.264 I/TouchUtility( 1650): notifyAppState error = NULL
08-14 23:29:22.534 I/Scheduler( 1694): applyPolicy: UpdateRefreshRate 120 to 30 of group 0: [touch=0:0 touchBoost=0 scroll=0:0 idle=1:1]
08-14 23:29:22.534 D/DisplayModeController( 1694): setDesiredMode 0 {mode={fps=30.00 Hz, modePtr={id=3, vsyncRate=30.00 Hz, peakRefreshRate=30.00 Hz}}, emitEvent=false, force=false}
08-14 23:29:22.535 D/Scheduler( 1694): MtkOverrideDuration: update vsync 30
08-14 23:29:22.535 D/Scheduler( 1694): MtkOverrideDuration: reset override duration
08-14 23:29:22.536 I/PowerHalWrapper( 1694): updateFps(): 30
08-14 23:29:22.536 I/hwcomposer( 1604): [DRMDEV] (0) failed to waitNextVsync: -1  
08-14 23:29:22.538 I/SurfaceFlinger( 1694): initiateDisplayModeChanges changing active mode from 0(120.00 Hz:0) to 3(30.00 Hz:0) for display 0
08-14 23:29:22.538 I/hwcomposer( 1604): [HWC] (0) displaySetActiveConfig config:3  
08-14 23:29:22.538 I/SurfaceFlinger( 1694): initiateDisplayModeChanges active mode changed to 3(30.00 Hz) for display 0. mBrightnessDimingCnt=0
08-14 23:29:22.538 E/HWC2    ( 1694): Invalid CT ID. displayId: 0
08-14 23:29:22.542 I/hwcomposer( 1604): [DRMDEV] (0) failed to waitNextVsync: -1  
08-14 23:29:22.545 I/BufferQueueProducer( 1694): [FramebufferSurface](this:0xb400007b51f806d0,id:-1,api:1,p:1694,c:1694) queueBuffer: fps=39.66 dur=1210.32 max=500.75 min=6.80
08-14 23:29:22.549 I/hwcomposer( 1604): [HWCDisplay] [Display_0 (type:1)] fps:39.557213,dur:1213.43,max:500.79,min:7.71  
08-14 23:29:22.551 I/PowerHalWrapper( 1694): updateFps(): 30
08-14 23:29:22.552 I/SurfaceFlinger( 1694): initiateDisplayModeChanges changing active mode from 3(30.00 Hz:0) to 3(30.00 Hz:0) for display 0
08-14 23:29:22.552 I/PowerHalWrapper( 1694): updateFps(): 30
08-14 23:29:22.552 E/HWC2    ( 1694): Invalid CT ID. displayId: 0
08-14 23:29:22.603 D/PowerManagerService( 4548): nativeAcquireSuspendBlocker name:PowerManagerService.WakeLocks duration ms: 1
08-14 23:29:22.620 D/BluetoothSystemServer( 4548): BluetoothManagerService: isBluetoothPersistedStateOn: 2
08-14 23:29:22.620 D/BluetoothSystemServer( 4548): BluetoothManagerService: delayModeChangedIfNeeded(onAirplaneModeChanged): state=BLE_ON isAirplaneModeOn()=false isSatelliteModeOn()=false delayed=400ms
08-14 23:29:22.636 D/ULogGuard( 1952): Monitoring: 16 threads, 0 requests, 0 time-bombs; 9 guards. ResetFlags = 0x7
08-14 23:29:22.808 D/PowerManagerService( 4548): nativeReleaseSuspendBlocker name:PowerManagerService.WakeLocks duration ms: 0
08-14 23:29:23.021 D/BluetoothSystemServer( 4548): BluetoothManagerService: isBluetoothPersistedStateOn: 2
08-14 23:29:23.021 D/BluetoothSystemServer( 4548): BluetoothManagerService: delayModeChangedIfNeeded(onAirplaneModeChanged): state=BLE_ON isAirplaneModeOn()=false isSatelliteModeOn()=false delayed=400ms
08-14 23:29:23.086 D/FirebasePerformance(24099): Fetched value: 'true' for key: 'fpr_enabled' from Firebase Remote Config.
08-14 23:29:23.087 D/FirebasePerformance(24099): Fetched value: '' for key: 'fpr_disabled_android_versions' from Firebase Remote Config.
08-14 23:29:23.088 D/FirebasePerformance(24099): Fetched value: 'true' for key: 'fpr_enabled' from Firebase Remote Config.
08-14 23:29:23.088 D/FirebasePerformance(24099): Fetched value: '' for key: 'fpr_disabled_android_versions' from Firebase Remote Config.
08-14 23:29:23.089 D/FirebasePerformance(24099): Fetched value: '1.0' for key: 'fpr_vc_network_request_sampling_rate' from Firebase Remote Config.
08-14 23:29:23.090 I/FirebasePerformance(24099): Logging network request trace: https://one-one-xw00.onrender.com/v1/livekit/token (responseCode: 200, responseTime: 1876.817ms)
08-14 23:29:23.262 I/libPerfCtl( 1650): xgfGetFPS pid:4822 fps:-1
08-14 23:29:23.262 I/libPerfCtl( 1650): xgfGetFPS pid:15363 fps:-1
08-14 23:29:23.262 I/libPowerHal( 1650): [updateFPS] pid(15363) : 90 => -1
08-14 23:29:23.263 I/libPowerHal( 1650): [perfNotifyAppState] pack:com.motorola.launcher3, act:com.android.launcher3.CustomizationPanelLauncher, state:5, pid:15363, uid:10290, fps:-1
08-14 23:29:23.264 I/UxUtility( 1650): notifyForegroundApp pack:com.motorola.launcher3, uid:10290
08-14 23:29:23.264 I/TouchUtility( 1650): notifyAppState error = NULL
08-14 23:29:23.423 D/BluetoothSystemServer( 4548): BluetoothManagerService: isBluetoothPersistedStateOn: 2
08-14 23:29:23.423 D/BluetoothSystemServer( 4548): BluetoothManagerService: delayModeChangedIfNeeded(onAirplaneModeChanged): state=BLE_ON isAirplaneModeOn()=false isSatelliteModeOn()=false delayed=400ms
08-14 23:29:23.823 D/BluetoothSystemServer( 4548): BluetoothManagerService: isBluetoothPersistedStateOn: 2
08-14 23:29:23.824 D/BluetoothSystemServer( 4548): BluetoothManagerService: delayModeChangedIfNeeded(onAirplaneModeChanged): state=BLE_ON isAirplaneModeOn()=false isSatelliteModeOn()=false delayed=400ms
08-14 23:29:24.075 D/ActivityManager( 4548): freezing 10204 com.motorola.timeweatherwidget:another, reason = oom_cached
08-14 23:29:24.078 D/ActivityManager( 4548): freezing 9305 com.inmobi.weather, reason = oom_cached
08-14 23:29:24.085 D/InetDiagMessage( 4548): Destroyed 0 sockets, proto=IPPROTO_TCP, family=AF_INET, states=14
08-14 23:29:24.086 D/InetDiagMessage( 4548): Destroyed 0 sockets, proto=IPPROTO_TCP, family=AF_INET6, states=14
08-14 23:29:24.087 D/InetDiagMessage( 4548): Destroyed live tcp sockets for uids={10254} in 5ms
08-14 23:29:24.175 D/InetDiagMessage( 4548): Destroyed 0 sockets, proto=IPPROTO_TCP, family=AF_INET, states=14
08-14 23:29:24.177 D/InetDiagMessage( 4548): Destroyed 0 sockets, proto=IPPROTO_TCP, family=AF_INET6, states=14
08-14 23:29:24.177 D/InetDiagMessage( 4548): Destroyed live tcp sockets for uids={10366} in 4ms
08-14 23:29:24.224 D/BluetoothSystemServer( 4548): BluetoothManagerService: isBluetoothPersistedStateOn: 2
08-14 23:29:24.225 D/BluetoothSystemServer( 4548): BluetoothManagerService: delayModeChangedIfNeeded(onAirplaneModeChanged): state=BLE_ON isAirplaneModeOn()=false isSatelliteModeOn()=false delayed=400ms
08-14 23:29:24.262 I/libPerfCtl( 1650): xgfGetFPS pid:4822 fps:-1
08-14 23:29:24.262 I/libPerfCtl( 1650): xgfGetFPS pid:15363 fps:-1
08-14 23:29:24.626 D/BluetoothSystemServer( 4548): BluetoothManagerService: isBluetoothPersistedStateOn: 2
08-14 23:29:24.627 D/BluetoothSystemServer( 4548): BluetoothManagerService: delayModeChangedIfNeeded(onAirplaneModeChanged): state=BLE_ON isAirplaneModeOn()=false isSatelliteModeOn()=false delayed=400ms
08-14 23:29:25.028 D/BluetoothSystemServer( 4548): BluetoothManagerService: isBluetoothPersistedStateOn: 2
08-14 23:29:25.028 D/BluetoothSystemServer( 4548): BluetoothManagerService: delayModeChangedIfNeeded(onAirplaneModeChanged): state=BLE_ON isAirplaneModeOn()=false isSatelliteModeOn()=false delayed=400ms
08-14 23:29:25.049 I/EnhancedConnectivity( 4548): [DataStallService] isPoorSignal = false
08-14 23:29:25.263 I/libPerfCtl( 1650): xgfGetFPS pid:4822 fps:-1
08-14 23:29:25.263 I/libPerfCtl( 1650): xgfGetFPS pid:15363 fps:-1
08-14 23:29:25.430 D/BluetoothSystemServer( 4548): BluetoothManagerService: isBluetoothPersistedStateOn: 2
08-14 23:29:25.430 D/BluetoothSystemServer( 4548): BluetoothManagerService: delayModeChangedIfNeeded(onAirplaneModeChanged): state=BLE_ON isAirplaneModeOn()=false isSatelliteModeOn()=false delayed=400ms
08-14 23:29:25.636 D/ULogGuard( 1952): Monitoring: 16 threads, 0 requests, 0 time-bombs; 9 guards. ResetFlags = 0x7
08-14 23:29:25.643 D/PowerManagerService( 4548): nativeAcquireSuspendBlocker name:PowerManagerService.WakeLocks duration ms: 1
08-14 23:29:25.831 D/BluetoothSystemServer( 4548): BluetoothManagerService: isBluetoothPersistedStateOn: 2
08-14 23:29:25.832 D/BluetoothSystemServer( 4548): BluetoothManagerService: delayModeChangedIfNeeded(onAirplaneModeChanged): state=BLE_ON isAirplaneModeOn()=false isSatelliteModeOn()=false delayed=400ms
08-14 23:29:25.851 D/PowerManagerService( 4548): nativeReleaseSuspendBlocker name:PowerManagerService.WakeLocks duration ms: 1
08-14 23:29:26.233 D/BluetoothSystemServer( 4548): BluetoothManagerService: isBluetoothPersistedStateOn: 2
08-14 23:29:26.234 D/BluetoothSystemServer( 4548): BluetoothManagerService: delayModeChangedIfNeeded(onAirplaneModeChanged): state=BLE_ON isAirplaneModeOn()=false isSatelliteModeOn()=false delayed=400ms
08-14 23:29:26.263 I/libPerfCtl( 1650): xgfGetFPS pid:4822 fps:-1
08-14 23:29:26.263 I/libPerfCtl( 1650): xgfGetFPS pid:15363 fps:-1
08-14 23:29:26.574 W/BatteryExternalStatsWorker( 4548): error reading Bluetooth stats: 11
08-14 23:29:26.576 D/PowerManagerService( 4548): nativeAcquireSuspendBlocker name:PowerManagerService.WakeLocks duration ms: 2
08-14 23:29:26.612 D/TelephonyManager( 4548): requestModemActivityInfo: Sending result to app: ModemActivityInfo{ mTimestamp=2302154952 mSleepTimeMs=1747263565 mIdleTimeMs=388635600 mActivityStatsTechSpecificInfo=[{mRat=UNKNOWN,mFrequencyRange=UNKNOWN,mTxTimeMs[]=[991, 214188, 2428053, 6594735, 33018930],mRxTimeMs=154522538}]}
08-14 23:29:26.615 D/PowerManagerService( 4548): nativeReleaseSuspendBlocker name:PowerManagerService.WakeLocks duration ms: 0
08-14 23:29:26.635 D/BluetoothSystemServer( 4548): BluetoothManagerService: isBluetoothPersistedStateOn: 2
08-14 23:29:26.635 D/BluetoothSystemServer( 4548): BluetoothManagerService: delayModeChangedIfNeeded(onAirplaneModeChanged): state=BLE_ON isAirplaneModeOn()=false isSatelliteModeOn()=false delayed=400ms
08-14 23:29:27.036 D/BluetoothSystemServer( 4548): BluetoothManagerService: isBluetoothPersistedStateOn: 2
08-14 23:29:27.037 D/BluetoothSystemServer( 4548): BluetoothManagerService: delayModeChangedIfNeeded(onAirplaneModeChanged): state=BLE_ON isAirplaneModeOn()=false isSatelliteModeOn()=false delayed=400ms
08-14 23:29:27.263 I/libPerfCtl( 1650): xgfGetFPS pid:4822 fps:-1
08-14 23:29:27.263 I/libPerfCtl( 1650): xgfGetFPS pid:15363 fps:-1
08-14 23:29:27.438 D/BluetoothSystemServer( 4548): BluetoothManagerService: isBluetoothPersistedStateOn: 2
08-14 23:29:27.439 D/BluetoothSystemServer( 4548): BluetoothManagerService: delayModeChangedIfNeeded(onAirplaneModeChanged): state=BLE_ON isAirplaneModeOn()=false isSatelliteModeOn()=false delayed=400ms
08-14 23:29:27.841 D/BluetoothSystemServer( 4548): BluetoothManagerService: isBluetoothPersistedStateOn: 2
08-14 23:29:27.842 D/BluetoothSystemServer( 4548): BluetoothManagerService: delayModeChangedIfNeeded(onAirplaneModeChanged): state=BLE_ON isAirplaneModeOn()=false isSatelliteModeOn()=false delayed=400ms
08-14 23:29:28.245 D/BluetoothSystemServer( 4548): BluetoothManagerService: isBluetoothPersistedStateOn: 2
08-14 23:29:28.245 D/BluetoothSystemServer( 4548): BluetoothManagerService: delayModeChangedIfNeeded(onAirplaneModeChanged): state=BLE_ON isAirplaneModeOn()=false isSatelliteModeOn()=false delayed=400ms
08-14 23:29:28.263 I/libPerfCtl( 1650): xgfGetFPS pid:4822 fps:-1
08-14 23:29:28.264 I/libPerfCtl( 1650): xgfGetFPS pid:15363 fps:-1
08-14 23:29:28.640 D/ULogGuard( 1952): Monitoring: 16 threads, 0 requests, 0 time-bombs; 9 guards. ResetFlags = 0x7
08-14 23:29:28.646 D/BluetoothSystemServer( 4548): BluetoothManagerService: isBluetoothPersistedStateOn: 2
08-14 23:29:28.647 D/BluetoothSystemServer( 4548): BluetoothManagerService: delayModeChangedIfNeeded(onAirplaneModeChanged): state=BLE_ON isAirplaneModeOn()=false isSatelliteModeOn()=false delayed=400ms
08-14 23:29:28.763 D/PowerManagerService( 4548): nativeAcquireSuspendBlocker name:PowerManagerService.WakeLocks duration ms: 1
08-14 23:29:28.968 D/PowerManagerService( 4548): nativeReleaseSuspendBlocker name:PowerManagerService.WakeLocks duration ms: 1
08-14 23:29:29.050 D/BluetoothSystemServer( 4548): BluetoothManagerService: isBluetoothPersistedStateOn: 2
08-14 23:29:29.050 D/BluetoothSystemServer( 4548): BluetoothManagerService: delayModeChangedIfNeeded(onAirplaneModeChanged): state=BLE_ON isAirplaneModeOn()=false isSatelliteModeOn()=false delayed=400ms
08-14 23:29:29.264 I/libPerfCtl( 1650): xgfGetFPS pid:4822 fps:-1
08-14 23:29:29.264 I/libPerfCtl( 1650): xgfGetFPS pid:15363 fps:-1
08-14 23:29:29.452 D/BluetoothSystemServer( 4548): BluetoothManagerService: isBluetoothPersistedStateOn: 2
08-14 23:29:29.452 D/BluetoothSystemServer( 4548): BluetoothManagerService: delayModeChangedIfNeeded(onAirplaneModeChanged): state=BLE_ON isAirplaneModeOn()=false isSatelliteModeOn()=false delayed=400ms
08-14 23:29:29.854 D/BluetoothSystemServer( 4548): BluetoothManagerService: isBluetoothPersistedStateOn: 2
08-14 23:29:29.855 D/BluetoothSystemServer( 4548): BluetoothManagerService: delayModeChangedIfNeeded(onAirplaneModeChanged): state=BLE_ON isAirplaneModeOn()=false isSatelliteModeOn()=false delayed=400ms
08-14 23:29:30.256 D/BluetoothSystemServer( 4548): BluetoothManagerService: isBluetoothPersistedStateOn: 2
08-14 23:29:30.256 D/BluetoothSystemServer( 4548): BluetoothManagerService: delayModeChangedIfNeeded(onAirplaneModeChanged): state=BLE_ON isAirplaneModeOn()=false isSatelliteModeOn()=false delayed=400ms
08-14 23:29:30.264 I/libPerfCtl( 1650): xgfGetFPS pid:4822 fps:-1
08-14 23:29:30.264 I/libPerfCtl( 1650): xgfGetFPS pid:15363 fps:-1
08-14 23:29:30.657 D/BluetoothSystemServer( 4548): BluetoothManagerService: isBluetoothPersistedStateOn: 2
08-14 23:29:30.658 D/BluetoothSystemServer( 4548): BluetoothManagerService: delayModeChangedIfNeeded(onAirplaneModeChanged): state=BLE_ON isAirplaneModeOn()=false isSatelliteModeOn()=false delayed=400ms
08-14 23:29:31.058 D/BluetoothSystemServer( 4548): BluetoothManagerService: isBluetoothPersistedStateOn: 2
08-14 23:29:31.059 D/BluetoothSystemServer( 4548): BluetoothManagerService: delayModeChangedIfNeeded(onAirplaneModeChanged): state=BLE_ON isAirplaneModeOn()=false isSatelliteModeOn()=false delayed=400ms
08-14 23:29:31.181 D/BoundBrokerSvc( 4449): onRebind: Intent { act=com.google.android.gms.libs.gmscorelogger.service.START dat=chimera-action:/... cmp=com.google.android.gms/.chimera.PersistentDirectBootAwareApiService }
08-14 23:29:31.264 I/libPerfCtl( 1650): xgfGetFPS pid:4822 fps:-1
08-14 23:29:31.264 I/libPerfCtl( 1650): xgfGetFPS pid:15363 fps:-1
08-14 23:29:31.460 D/BluetoothSystemServer( 4548): BluetoothManagerService: isBluetoothPersistedStateOn: 2
08-14 23:29:31.460 D/BluetoothSystemServer( 4548): BluetoothManagerService: delayModeChangedIfNeeded(onAirplaneModeChanged): state=BLE_ON isAirplaneModeOn()=false isSatelliteModeOn()=false delayed=400ms
08-14 23:29:31.519 W/id.ext.services( 5558): ApkAssets: Deleting an ApkAssets object '<empty> and /data/app/~~f0CwhJtYKOJxrFMsNUucgg==/com.google.android.googlequicksearchbox-ajSc4jAmTZTlbsMD7Z7dEQ==/base.apk' with 1 weak references
08-14 23:29:31.521 W/id.ext.services( 5558): ApkAssets: Deleting an ApkAssets object '<empty> and /data/app/~~f0CwhJtYKOJxrFMsNUucgg==/com.google.android.googlequicksearchbox-ajSc4jAmTZTlbsMD7Z7dEQ==/split_config.xxhdpi.apk' with 1 weak references
08-14 23:29:31.521 W/id.ext.services( 5558): ApkAssets: Deleting an ApkAssets object '<empty> and /data/app/~~f0CwhJtYKOJxrFMsNUucgg==/com.google.android.googlequicksearchbox-ajSc4jAmTZTlbsMD7Z7dEQ==/split_lens_ondevice_engine_feature_module.apk' with 1 weak references
08-14 23:29:31.522 W/id.ext.services( 5558): ApkAssets: Deleting an ApkAssets object '<empty> and /data/app/~~f0CwhJtYKOJxrFMsNUucgg==/com.google.android.googlequicksearchbox-ajSc4jAmTZTlbsMD7Z7dEQ==/split_lens_ondevice_engine_play_ml_module.apk' with 1 weak references
08-14 23:29:31.523 W/id.ext.services( 5558): ApkAssets: Deleting an ApkAssets object '<empty> and /data/app/~~ONiYTABn9B2ITqiVV9NRNA==/app.oneone.one_one_app-gG6EjA3VzK-4lOaQ3iJtdA==/base.apk' with 1 weak references
08-14 23:29:31.523 W/id.ext.services( 5558): ApkAssets: Deleting an ApkAssets object '<empty> and /data/app/~~ONiYTABn9B2ITqiVV9NRNA==/app.oneone.one_one_app-gG6EjA3VzK-4lOaQ3iJtdA==/split_config.arm64_v8a.apk' with 1 weak references
08-14 23:29:31.523 W/id.ext.services( 5558): ApkAssets: Deleting an ApkAssets object '<empty> and /data/app/~~ONiYTABn9B2ITqiVV9NRNA==/app.oneone.one_one_app-gG6EjA3VzK-4lOaQ3iJtdA==/split_config.bn.apk' with 1 weak references
08-14 23:29:31.523 W/id.ext.services( 5558): ApkAssets: Deleting an ApkAssets object '<empty> and /data/app/~~ONiYTABn9B2ITqiVV9NRNA==/app.oneone.one_one_app-gG6EjA3VzK-4lOaQ3iJtdA==/split_config.en.apk' with 1 weak references
08-14 23:29:31.524 W/id.ext.services( 5558): ApkAssets: Deleting an ApkAssets object '<empty> and /data/app/~~ONiYTABn9B2ITqiVV9NRNA==/app.oneone.one_one_app-gG6EjA3VzK-4lOaQ3iJtdA==/split_config.gu.apk' with 1 weak references
08-14 23:29:31.524 W/id.ext.services( 5558): ApkAssets: Deleting an ApkAssets object '<empty> and /data/app/~~ONiYTABn9B2ITqiVV9NRNA==/app.oneone.one_one_app-gG6EjA3VzK-4lOaQ3iJtdA==/split_config.hi.apk' with 1 weak references
08-14 23:29:31.524 W/id.ext.services( 5558): ApkAssets: Deleting an ApkAssets object '<empty> and /data/app/~~ONiYTABn9B2ITqiVV9NRNA==/app.oneone.one_one_app-gG6EjA3VzK-4lOaQ3iJtdA==/split_config.kn.apk' with 1 weak references
08-14 23:29:31.525 W/id.ext.services( 5558): ApkAssets: Deleting an ApkAssets object '<empty> and /data/app/~~ONiYTABn9B2ITqiVV9NRNA==/app.oneone.one_one_app-gG6EjA3VzK-4lOaQ3iJtdA==/split_config.mr.apk' with 1 weak references
08-14 23:29:31.525 W/id.ext.services( 5558): ApkAssets: Deleting an ApkAssets object '<empty> and /data/app/~~ONiYTABn9B2ITqiVV9NRNA==/app.oneone.one_one_app-gG6EjA3VzK-4lOaQ3iJtdA==/split_config.ta.apk' with 1 weak references
08-14 23:29:31.525 W/id.ext.services( 5558): ApkAssets: Deleting an ApkAssets object '<empty> and /data/app/~~ONiYTABn9B2ITqiVV9NRNA==/app.oneone.one_one_app-gG6EjA3VzK-4lOaQ3iJtdA==/split_config.te.apk' with 1 weak references
08-14 23:29:31.525 W/id.ext.services( 5558): ApkAssets: Deleting an ApkAssets object '<empty> and /data/app/~~ONiYTABn9B2ITqiVV9NRNA==/app.oneone.one_one_app-gG6EjA3VzK-4lOaQ3iJtdA==/split_config.xxhdpi.apk' with 1 weak references
08-14 23:29:31.534 W/ParceledListSlice( 4548): Element #3 is 25708 bytes.
08-14 23:29:31.536 W/ParceledListSlice( 4548): Element #4 is 24820 bytes.
08-14 23:29:31.537 W/ParceledListSlice( 4548): Element #5 is 24956 bytes.
08-14 23:29:31.542 W/ParceledListSlice( 4548): Element #6 is 22312 bytes.
08-14 23:29:31.543 W/ParceledListSlice( 4548): Element #7 is 24356 bytes.
08-14 23:29:31.544 W/ParceledListSlice( 4548): Element #8 is 37472 bytes.
08-14 23:29:31.545 W/ParceledListSlice( 4548): Overly large reply size: 84160
08-14 23:29:31.551 W/ParceledListSlice( 4548): Element #9 is 21952 bytes.
08-14 23:29:31.552 W/ParceledListSlice( 4548): Element #10 is 16732 bytes.
08-14 23:29:31.555 W/ParceledListSlice( 4548): Element #11 is 37496 bytes.
08-14 23:29:31.561 W/ParceledListSlice( 4548): Element #12 is 16500 bytes.
08-14 23:29:31.563 W/ParceledListSlice( 4548): Element #13 is 34608 bytes.
08-14 23:29:31.564 W/ParceledListSlice( 4548): Element #14 is 16572 bytes.
08-14 23:29:31.569 W/ParceledListSlice( 4548): Element #15 is 33856 bytes.
08-14 23:29:31.574 W/ParceledListSlice( 4548): Element #22 is 16572 bytes.
08-14 23:29:31.583 W/ParceledListSlice( 4548): Element #33 is 34512 bytes.
08-14 23:29:31.583 W/ParceledListSlice( 4548): Overly large reply size: 96964
08-14 23:29:31.604 W/ParceledListSlice( 4548): Element #34 is 31704 bytes.
08-14 23:29:31.604 W/ParceledListSlice( 4548): Element #35 is 31616 bytes.
08-14 23:29:31.610 W/ParceledListSlice( 4548): Element #37 is 19120 bytes.
08-14 23:29:31.611 W/ParceledListSlice( 4548): Element #38 is 19120 bytes.
08-14 23:29:31.616 W/ParceledListSlice( 4548): Element #46 is 18796 bytes.
08-14 23:29:31.616 W/ParceledListSlice( 4548): Overly large reply size: 83044
08-14 23:29:31.631 W/ParceledListSlice( 4548): Element #93 is 17868 bytes.
08-14 23:29:31.632 W/ParceledListSlice( 4548): Element #94 is 17832 bytes.
08-14 23:29:31.640 D/ULogGuard( 1952): Monitoring: 16 threads, 0 requests, 0 time-bombs; 9 guards. ResetFlags = 0x7
08-14 23:29:31.674 I/BufferQueueProducer( 1694): [StatusBar#276](this:0xb400007b24994020,id:-1,api:0,p:-1,c:1694) queueBuffer: fps=0.29 dur=10348.51 max=9637.52 min=268.06
08-14 23:29:31.675 E/HWC2    ( 1694): Invalid CT ID. displayId: 0
08-14 23:29:31.683 W/ParceledListSlice( 4548): Element #161 is 35124 bytes.
08-14 23:29:31.683 I/BufferQueueProducer( 1694): [FramebufferSurface](this:0xb400007b51f806d0,id:-1,api:1,p:1694,c:1694) queueBuffer: fps=0.22 dur=9137.61 max=9123.80 min=13.81
08-14 23:29:31.685 I/hwcomposer( 1604): [HWCDisplay] [Display_0 (type:1)] fps:0.218912,dur:9136.10,max:9102.66,min:33.44  
08-14 23:29:31.692 D/BatteryService( 4548): uevent={POWER_SUPPLY_VOLTAGE_NOW=4222000, POWER_SUPPLY_VBUS_PRESENT=true, POWER_SUPPLY_TYPE=Battery, POWER_SUPPLY_HEALTH=Good, POWER_SUPPLY_TECHNOLOGY=Li-ion, POWER_SUPPLY_CHARGE_FULL_DESIGN=5972000, POWER_SUPPLY_CONSTANT_CHARGE_VOLTAGE=4300, SEQNUM=600472, POWER_SUPPLY_STATUS=Charging, POWER_SUPPLY_CYCLE_COUNT=316, POWER_SUPPLY_CAPACITY=70, DEVPATH=/devices/platform/11b20000.i2c/i2c-5/5-0034/11b20000.i2c:mt6375@34:mtk_gauge/power_supply/battery, POWER_SUPPLY_CHARGE_RATE=Turbo, POWER_SUPPLY_CURRENT_AVG=1965900, POWER_SUPPLY_CAPACITY_LEVEL=Normal, POWER_SUPPLY_CURRENT_NOW=1916000, POWER_SUPPLY_PRESENT=1, POWER_SUPPLY_POWER_WATT=15, POWER_SUPPLY_CHARGE_FULL=6035500, POWER_SUPPLY_TIME_TO_FULL_NOW=4127, SUBSYSTEM=power_supply, POWER_SUPPLY_TEMP=350, ACTION=change, POWER_SUPPLY_AGE=91, POWER_SUPPLY_NAME=battery, POWER_SUPPLY_LPD_PRESENT=false, POWER_SUPPLY_CHARGE_COUNTER=4224850}
08-14 23:29:31.693 D/BatteryService( 4548): uevent={POWER_SUPPLY_VOLTAGE_NOW=4222000, POWER_SUPPLY_VBUS_PRESENT=true, POWER_SUPPLY_TYPE=Battery, POWER_SUPPLY_HEALTH=Good, POWER_SUPPLY_TECHNOLOGY=Li-ion, POWER_SUPPLY_CHARGE_FULL_DESIGN=5972000, POWER_SUPPLY_CONSTANT_CHARGE_VOLTAGE=4300, SEQNUM=600472, POWER_SUPPLY_STATUS=Charging, POWER_SUPPLY_CYCLE_COUNT=316, POWER_SUPPLY_CAPACITY=70, DEVPATH=/devices/platform/11b20000.i2c/i2c-5/5-0034/11b20000.i2c:mt6375@34:mtk_gauge/power_supply/battery, POWER_SUPPLY_CHARGE_RATE=Turbo, POWER_SUPPLY_CURRENT_AVG=1965900, POWER_SUPPLY_CAPACITY_LEVEL=Normal, POWER_SUPPLY_CURRENT_NOW=1916000, POWER_SUPPLY_PRESENT=1, POWER_SUPPLY_POWER_WATT=15, POWER_SUPPLY_CHARGE_FULL=6035500, POWER_SUPPLY_TIME_TO_FULL_NOW=4127, SUBSYSTEM=power_supply, POWER_SUPPLY_TEMP=350, ACTION=change, POWER_SUPPLY_AGE=91, POWER_SUPPLY_NAME=battery, POWER_SUPPLY_LPD_PRESENT=false, POWER_SUPPLY_CHARGE_COUNTER=4224850}
08-14 23:29:31.695 W/ParceledListSlice( 4548): Element #162 is 35836 bytes.
08-14 23:29:31.696 W/ParceledListSlice( 4548): Element #163 is 35156 bytes.
08-14 23:29:31.698 W/ParceledListSlice( 4548): Element #164 is 35700 bytes.
08-14 23:29:31.698 W/ParceledListSlice( 4548): Element #165 is 35000 bytes.
08-14 23:29:31.701 W/ParceledListSlice( 4548): Element #166 is 35528 bytes.
08-14 23:29:31.701 W/ParceledListSlice( 4548): Element #167 is 35496 bytes.
08-14 23:29:31.702 V/UiModeManager( 4548): updateLocked: null action, mDockState=0, category=null
08-14 23:29:31.703 D/UiModeManager( 4548): updateConfigurationLocked: mDockState=0; mCarMode=false; mNightMode=com.android.server.UiModeManagerService$1@f66f8ee; mNightModeCustomType=-1; uiMode=33
08-14 23:29:31.703 D/PowerUI ( 4822): can't show warning due to - plugged: true status unknown: false
08-14 23:29:31.705 W/ParceledListSlice( 4548): Element #168 is 35528 bytes.
08-14 23:29:31.706 W/ParceledListSlice( 4548): Element #169 is 35456 bytes.
08-14 23:29:31.719 W/ParceledListSlice( 4548): Element #170 is 36140 bytes.
08-14 23:29:31.725 W/ParceledListSlice( 4548): Element #171 is 36056 bytes.
08-14 23:29:31.728 W/ParceledListSlice( 4548): Element #172 is 36140 bytes.
08-14 23:29:31.729 W/ParceledListSlice( 4548): Element #173 is 17320 bytes.
08-14 23:29:31.729 W/ParceledListSlice( 4548): Element #174 is 16996 bytes.
08-14 23:29:31.731 V/UiModeManager( 4548): updateLocked: null action, mDockState=0, category=null
08-14 23:29:31.731 D/PowerUI ( 4822): can't show warning due to - plugged: true status unknown: false
08-14 23:29:31.731 D/UiModeManager( 4548): updateConfigurationLocked: mDockState=0; mCarMode=false; mNightMode=com.android.server.UiModeManagerService$1@f66f8ee; mNightModeCustomType=-1; uiMode=33
08-14 23:29:31.732 W/ParceledListSlice( 4548): Element #175 is 16960 bytes.
08-14 23:29:31.733 W/ParceledListSlice( 4548): Element #177 is 17012 bytes.
08-14 23:29:31.733 W/ParceledListSlice( 4548): Element #178 is 17704 bytes.
08-14 23:29:31.736 W/ParceledListSlice( 4548): Element #179 is 16944 bytes.
08-14 23:29:31.737 W/ParceledListSlice( 4548): Element #180 is 16956 bytes.
08-14 23:29:31.738 W/ParceledListSlice( 4548): Element #181 is 17432 bytes.
08-14 23:29:31.738 W/ParceledListSlice( 4548): Element #182 is 16996 bytes.
08-14 23:29:31.743 W/ParceledListSlice( 4548): Element #183 is 17012 bytes.
08-14 23:29:31.744 W/ParceledListSlice( 4548): Element #184 is 16604 bytes.
08-14 23:29:31.744 W/ParceledListSlice( 4548): Element #185 is 17708 bytes.
08-14 23:29:31.744 W/ParceledListSlice( 4548): Element #186 is 17428 bytes.
08-14 23:29:31.749 W/ParceledListSlice( 4548): Element #187 is 16984 bytes.
08-14 23:29:31.749 W/ParceledListSlice( 4548): Element #188 is 16984 bytes.
08-14 23:29:31.750 W/ParceledListSlice( 4548): Element #189 is 16984 bytes.
08-14 23:29:31.750 W/ParceledListSlice( 4548): Element #190 is 17008 bytes.
08-14 23:29:31.862 D/BluetoothSystemServer( 4548): BluetoothManagerService: isBluetoothPersistedStateOn: 2
08-14 23:29:31.862 D/BluetoothSystemServer( 4548): BluetoothManagerService: delayModeChangedIfNeeded(onAirplaneModeChanged): state=BLE_ON isAirplaneModeOn()=false isSatelliteModeOn()=false delayed=400ms
08-14 23:29:32.263 D/BluetoothSystemServer( 4548): BluetoothManagerService: isBluetoothPersistedStateOn: 2
08-14 23:29:32.264 D/BluetoothSystemServer( 4548): BluetoothManagerService: delayModeChangedIfNeeded(onAirplaneModeChanged): state=BLE_ON isAirplaneModeOn()=false isSatelliteModeOn()=false delayed=400ms
08-14 23:29:32.666 D/BluetoothSystemServer( 4548): BluetoothManagerService: isBluetoothPersistedStateOn: 2
08-14 23:29:32.666 D/BluetoothSystemServer( 4548): BluetoothManagerService: delayModeChangedIfNeeded(onAirplaneModeChanged): state=BLE_ON isAirplaneModeOn()=false isSatelliteModeOn()=false delayed=400ms
08-14 23:29:33.066 D/BluetoothSystemServer( 4548): BluetoothManagerService: isBluetoothPersistedStateOn: 2
08-14 23:29:33.067 D/BluetoothSystemServer( 4548): BluetoothManagerService: delayModeChangedIfNeeded(onAirplaneModeChanged): state=BLE_ON isAirplaneModeOn()=false isSatelliteModeOn()=false delayed=400ms
08-14 23:29:33.408 I/EnhancedConnectivity( 4548): [DataStallService] isPoorSignal = false
08-14 23:29:33.468 D/BluetoothSystemServer( 4548): BluetoothManagerService: isBluetoothPersistedStateOn: 2
08-14 23:29:33.468 D/BluetoothSystemServer( 4548): BluetoothManagerService: delayModeChangedIfNeeded(onAirplaneModeChanged): state=BLE_ON isAirplaneModeOn()=false isSatelliteModeOn()=false delayed=400ms
08-14 23:29:33.869 D/BluetoothSystemServer( 4548): BluetoothManagerService: isBluetoothPersistedStateOn: 2
08-14 23:29:33.870 D/BluetoothSystemServer( 4548): BluetoothManagerService: delayModeChangedIfNeeded(onAirplaneModeChanged): state=BLE_ON isAirplaneModeOn()=false isSatelliteModeOn()=false delayed=400ms
08-14 23:29:34.255 D/PowerManagerService( 4548): nativeAcquireSuspendBlocker name:PowerManagerService.WakeLocks duration ms: 2
08-14 23:29:34.271 D/BluetoothSystemServer( 4548): BluetoothManagerService: isBluetoothPersistedStateOn: 2
08-14 23:29:34.271 D/BluetoothSystemServer( 4548): BluetoothManagerService: delayModeChangedIfNeeded(onAirplaneModeChanged): state=BLE_ON isAirplaneModeOn()=false isSatelliteModeOn()=false delayed=400ms
08-14 23:29:34.467 D/PowerManagerService( 4548): nativeReleaseSuspendBlocker name:PowerManagerService.WakeLocks duration ms: 0
08-14 23:29:34.643 D/ULogGuard( 1952): Monitoring: 16 threads, 0 requests, 0 time-bombs; 9 guards. ResetFlags = 0x7
08-14 23:29:34.674 D/BluetoothSystemServer( 4548): BluetoothManagerService: isBluetoothPersistedStateOn: 2
08-14 23:29:34.675 D/BluetoothSystemServer( 4548): BluetoothManagerService: delayModeChangedIfNeeded(onAirplaneModeChanged): state=BLE_ON isAirplaneModeOn()=false isSatelliteModeOn()=false delayed=400ms
08-14 23:29:34.839 D/PowerManagerService( 4548): nativeAcquireSuspendBlocker name:PowerManagerService.WakeLocks duration ms: 1
08-14 23:29:35.043 D/PowerManagerService( 4548): nativeReleaseSuspendBlocker name:PowerManagerService.WakeLocks duration ms: 1
08-14 23:29:35.076 D/BluetoothSystemServer( 4548): BluetoothManagerService: isBluetoothPersistedStateOn: 2
08-14 23:29:35.077 D/BluetoothSystemServer( 4548): BluetoothManagerService: delayModeChangedIfNeeded(onAirplaneModeChanged): state=BLE_ON isAirplaneModeOn()=false isSatelliteModeOn()=false delayed=400ms
08-14 23:29:35.438 D/PowerManagerService( 4548): nativeAcquireSuspendBlocker name:PowerManagerService.WakeLocks duration ms: 1
08-14 23:29:35.478 D/BluetoothSystemServer( 4548): BluetoothManagerService: isBluetoothPersistedStateOn: 2
08-14 23:29:35.479 D/BluetoothSystemServer( 4548): BluetoothManagerService: delayModeChangedIfNeeded(onAirplaneModeChanged): state=BLE_ON isAirplaneModeOn()=false isSatelliteModeOn()=false delayed=400ms
08-14 23:29:35.679 D/PowerManagerService( 4548): nativeReleaseSuspendBlocker name:PowerManagerService.WakeLocks duration ms: 1
08-14 23:29:35.881 D/BluetoothSystemServer( 4548): BluetoothManagerService: isBluetoothPersistedStateOn: 2
08-14 23:29:35.881 D/BluetoothSystemServer( 4548): BluetoothManagerService: delayModeChangedIfNeeded(onAirplaneModeChanged): state=BLE_ON isAirplaneModeOn()=false isSatelliteModeOn()=false delayed=400ms
08-14 23:29:36.283 D/BluetoothSystemServer( 4548): BluetoothManagerService: isBluetoothPersistedStateOn: 2
08-14 23:29:36.283 D/BluetoothSystemServer( 4548): BluetoothManagerService: delayModeChangedIfNeeded(onAirplaneModeChanged): state=BLE_ON isAirplaneModeOn()=false isSatelliteModeOn()=false delayed=400ms
08-14 23:29:36.686 D/BluetoothSystemServer( 4548): BluetoothManagerService: isBluetoothPersistedStateOn: 2
08-14 23:29:36.687 D/BluetoothSystemServer( 4548): BluetoothManagerService: delayModeChangedIfNeeded(onAirplaneModeChanged): state=BLE_ON isAirplaneModeOn()=false isSatelliteModeOn()=false delayed=400ms
08-14 23:29:37.088 D/BluetoothSystemServer( 4548): BluetoothManagerService: isBluetoothPersistedStateOn: 2
08-14 23:29:37.088 D/BluetoothSystemServer( 4548): BluetoothManagerService: delayModeChangedIfNeeded(onAirplaneModeChanged): state=BLE_ON isAirplaneModeOn()=false isSatelliteModeOn()=false delayed=400ms
08-14 23:29:37.232 W/statsig::Http( 2839): DoH lookup failed, attempting fallback to system DNS.
08-14 23:29:37.232 W/statsig::Http( 2839): android.system.GaiException: android_getaddrinfo failed: EAI_NODATA (No address associated with hostname)
08-14 23:29:37.235 E/statsig::StatsigNetwork( 2839): Error posting logs, saving for retry...
08-14 23:29:37.491 D/BluetoothSystemServer( 4548): BluetoothManagerService: isBluetoothPersistedStateOn: 2
08-14 23:29:37.492 D/BluetoothSystemServer( 4548): BluetoothManagerService: delayModeChangedIfNeeded(onAirplaneModeChanged): state=BLE_ON isAirplaneModeOn()=false isSatelliteModeOn()=false delayed=400ms
08-14 23:29:37.646 D/ULogGuard( 1952): Monitoring: 16 threads, 0 requests, 0 time-bombs; 9 guards. ResetFlags = 0x7
08-14 23:29:37.893 D/BluetoothSystemServer( 4548): BluetoothManagerService: isBluetoothPersistedStateOn: 2
08-14 23:29:37.893 D/BluetoothSystemServer( 4548): BluetoothManagerService: delayModeChangedIfNeeded(onAirplaneModeChanged): state=BLE_ON isAirplaneModeOn()=false isSatelliteModeOn()=false delayed=400ms
08-14 23:29:37.994 D/PowerManagerService( 4548): nativeAcquireSuspendBlocker name:PowerManagerService.WakeLocks duration ms: 2
08-14 23:29:38.041 I/EnhancedConnectivity( 4548): [DataStallService] isPoorSignal = false
08-14 23:29:38.197 D/PowerManagerService( 4548): nativeReleaseSuspendBlocker name:PowerManagerService.WakeLocks duration ms: 0
08-14 23:29:38.294 D/BluetoothSystemServer( 4548): BluetoothManagerService: isBluetoothPersistedStateOn: 2
08-14 23:29:38.295 D/BluetoothSystemServer( 4548): BluetoothManagerService: delayModeChangedIfNeeded(onAirplaneModeChanged): state=BLE_ON isAirplaneModeOn()=false isSatelliteModeOn()=false delayed=400ms
08-14 23:29:38.696 D/BluetoothSystemServer( 4548): BluetoothManagerService: isBluetoothPersistedStateOn: 2
08-14 23:29:38.697 D/BluetoothSystemServer( 4548): BluetoothManagerService: delayModeChangedIfNeeded(onAirplaneModeChanged): state=BLE_ON isAirplaneModeOn()=false isSatelliteModeOn()=false delayed=400ms
08-14 23:29:39.098 D/BluetoothSystemServer( 4548): BluetoothManagerService: isBluetoothPersistedStateOn: 2
08-14 23:29:39.099 D/BluetoothSystemServer( 4548): BluetoothManagerService: delayModeChangedIfNeeded(onAirplaneModeChanged): state=BLE_ON isAirplaneModeOn()=false isSatelliteModeOn()=false delayed=400ms
08-14 23:29:39.419 V/DisplayPowerController2[0]( 4548): Brightness [0.0078] reason changing to: 'automatic [ dim ]', previous reason: 'automatic'.
08-14 23:29:39.421 I/DisplayPowerController2[0]( 4548): 08-14 23:29:39.420 - BrightnessEvent: disp=0, physDisp=local:0, displayState=ON, displayPolicy=DIM, brt=0.0078, initBrt=0.06934309, rcmdBrt=0.06934309, preBrt=NaN, lux=0.0, preLux=NaN, brtNits=8.101341, hdrNits=NaN, initNits=37.02222, preNits=NaN, rcmdNits=37.02222, hdrBrightness=NaN, brt(%)=4%, brtInt=3, hbmPolicy=legacy, hbmMax=0.9999, hbmMode=off, rbcStrength=50, thrmMax=1.0, powerFactor=1.0, wasShortTermModelActive=false, flags=, reason=automatic [ dim ], autoBrightness=true, strategy=InvalidBrightnessStrategy, autoBrightnessMode=default
08-14 23:29:39.425 I/BrightnessSynchronizer( 4548): New Update: {[37570] 0.06934309(f), mUpdatedTypes=0, mConfirmedTypes=0, mTimeUpdated=0, mState=2}
08-14 23:29:39.500 D/BluetoothSystemServer( 4548): BluetoothManagerService: isBluetoothPersistedStateOn: 2
08-14 23:29:39.500 D/BluetoothSystemServer( 4548): BluetoothManagerService: delayModeChangedIfNeeded(onAirplaneModeChanged): state=BLE_ON isAirplaneModeOn()=false isSatelliteModeOn()=false delayed=400ms
08-14 23:29:39.510 D/DisplayManagerService( 4548): Ignore redundant display event 0/4 to 10217/6557
08-14 23:29:39.510 D/DisplayManagerService( 4548): Ignore redundant display event 0/4 to 10264/7624
08-14 23:29:39.511 I/BrightnessSynchronizer( 4548): New Update: {[37571] 0.06934309(f), mUpdatedTypes=0, mConfirmedTypes=0, mTimeUpdated=0, mState=2}
08-14 23:29:39.831 D/ccci_mdinit( 1711): (1):monitor_time_update_thread round:130094 ########
08-14 23:29:39.902 D/BluetoothSystemServer( 4548): BluetoothManagerService: isBluetoothPersistedStateOn: 2
08-14 23:29:39.902 D/BluetoothSystemServer( 4548): BluetoothManagerService: delayModeChangedIfNeeded(onAirplaneModeChanged): state=BLE_ON isAirplaneModeOn()=false isSatelliteModeOn()=false delayed=400ms
08-14 23:29:40.305 D/BluetoothSystemServer( 4548): BluetoothManagerService: isBluetoothPersistedStateOn: 2
08-14 23:29:40.306 D/BluetoothSystemServer( 4548): BluetoothManagerService: delayModeChangedIfNeeded(onAirplaneModeChanged): state=BLE_ON isAirplaneModeOn()=false isSatelliteModeOn()=false delayed=400ms
08-14 23:29:40.647 D/ULogGuard( 1952): Monitoring: 16 threads, 0 requests, 0 time-bombs; 9 guards. ResetFlags = 0x7
08-14 23:29:40.708 D/BluetoothSystemServer( 4548): BluetoothManagerService: isBluetoothPersistedStateOn: 2
08-14 23:29:40.708 D/BluetoothSystemServer( 4548): BluetoothManagerService: delayModeChangedIfNeeded(onAirplaneModeChanged): state=BLE_ON isAirplaneModeOn()=false isSatelliteModeOn()=false delayed=400ms
08-14 23:29:41.109 D/BluetoothSystemServer( 4548): BluetoothManagerService: isBluetoothPersistedStateOn: 2
08-14 23:29:41.110 D/BluetoothSystemServer( 4548): BluetoothManagerService: delayModeChangedIfNeeded(onAirplaneModeChanged): state=BLE_ON isAirplaneModeOn()=false isSatelliteModeOn()=false delayed=400ms
08-14 23:29:41.510 D/BluetoothSystemServer( 4548): BluetoothManagerService: isBluetoothPersistedStateOn: 2
08-14 23:29:41.511 D/BluetoothSystemServer( 4548): BluetoothManagerService: delayModeChangedIfNeeded(onAirplaneModeChanged): state=BLE_ON isAirplaneModeOn()=false isSatelliteModeOn()=false delayed=400ms
08-14 23:29:41.633 D/PowerManagerService( 4548): nativeAcquireSuspendBlocker name:PowerManagerService.WakeLocks duration ms: 1
08-14 23:29:41.732 D/BatteryService( 4548): uevent={POWER_SUPPLY_VOLTAGE_NOW=4242000, POWER_SUPPLY_VBUS_PRESENT=true, POWER_SUPPLY_TYPE=Battery, POWER_SUPPLY_HEALTH=Good, POWER_SUPPLY_TECHNOLOGY=Li-ion, POWER_SUPPLY_CHARGE_FULL_DESIGN=5972000, POWER_SUPPLY_CONSTANT_CHARGE_VOLTAGE=4300, SEQNUM=600478, POWER_SUPPLY_STATUS=Charging, POWER_SUPPLY_CYCLE_COUNT=316, POWER_SUPPLY_CAPACITY=70, DEVPATH=/devices/platform/11b20000.i2c/i2c-5/5-0034/11b20000.i2c:mt6375@34:mtk_gauge/power_supply/battery, POWER_SUPPLY_CHARGE_RATE=Turbo, POWER_SUPPLY_CURRENT_AVG=1943500, POWER_SUPPLY_CAPACITY_LEVEL=Normal, POWER_SUPPLY_CURRENT_NOW=1838000, POWER_SUPPLY_PRESENT=1, POWER_SUPPLY_POWER_WATT=15, POWER_SUPPLY_CHARGE_FULL=6035500, POWER_SUPPLY_TIME_TO_FULL_NOW=3318, SUBSYSTEM=power_supply, POWER_SUPPLY_TEMP=350, ACTION=change, POWER_SUPPLY_AGE=91, POWER_SUPPLY_NAME=battery, POWER_SUPPLY_LPD_PRESENT=false, POWER_SUPPLY_CHARGE_COUNTER=4224850}
08-14 23:29:41.732 D/BatteryService( 4548): uevent={POWER_SUPPLY_VOLTAGE_NOW=4242000, POWER_SUPPLY_VBUS_PRESENT=true, POWER_SUPPLY_TYPE=Battery, POWER_SUPPLY_HEALTH=Good, POWER_SUPPLY_TECHNOLOGY=Li-ion, POWER_SUPPLY_CHARGE_FULL_DESIGN=5972000, POWER_SUPPLY_CONSTANT_CHARGE_VOLTAGE=4300, SEQNUM=600478, POWER_SUPPLY_STATUS=Charging, POWER_SUPPLY_CYCLE_COUNT=316, POWER_SUPPLY_CAPACITY=70, DEVPATH=/devices/platform/11b20000.i2c/i2c-5/5-0034/11b20000.i2c:mt6375@34:mtk_gauge/power_supply/battery, POWER_SUPPLY_CHARGE_RATE=Turbo, POWER_SUPPLY_CURRENT_AVG=1943500, POWER_SUPPLY_CAPACITY_LEVEL=Normal, POWER_SUPPLY_CURRENT_NOW=1838000, POWER_SUPPLY_PRESENT=1, POWER_SUPPLY_POWER_WATT=15, POWER_SUPPLY_CHARGE_FULL=6035500, POWER_SUPPLY_TIME_TO_FULL_NOW=3318, SUBSYSTEM=power_supply, POWER_SUPPLY_TEMP=350, ACTION=change, POWER_SUPPLY_AGE=91, POWER_SUPPLY_NAME=battery, POWER_SUPPLY_LPD_PRESENT=false, POWER_SUPPLY_CHARGE_COUNTER=4224850}
08-14 23:29:41.742 D/PowerUI ( 4822): can't show warning due to - plugged: true status unknown: false
08-14 23:29:41.744 V/UiModeManager( 4548): updateLocked: null action, mDockState=0, category=null
08-14 23:29:41.745 D/UiModeManager( 4548): updateConfigurationLocked: mDockState=0; mCarMode=false; mNightMode=com.android.server.UiModeManagerService$1@f66f8ee; mNightModeCustomType=-1; uiMode=33
08-14 23:29:41.748 V/UiModeManager( 4548): updateLocked: null action, mDockState=0, category=null
08-14 23:29:41.749 D/UiModeManager( 4548): updateConfigurationLocked: mDockState=0; mCarMode=false; mNightMode=com.android.server.UiModeManagerService$1@f66f8ee; mNightModeCustomType=-1; uiMode=33
08-14 23:29:41.752 D/PowerUI ( 4822): can't show warning due to - plugged: true status unknown: false
08-14 23:29:41.772 V/UiModeManager( 4548): updateLocked: null action, mDockState=0, category=null
08-14 23:29:41.773 D/PowerUI ( 4822): can't show warning due to - plugged: true status unknown: false
08-14 23:29:41.773 D/UiModeManager( 4548): updateConfigurationLocked: mDockState=0; mCarMode=false; mNightMode=com.android.server.UiModeManagerService$1@f66f8ee; mNightModeCustomType=-1; uiMode=33
08-14 23:29:41.838 D/PowerManagerService( 4548): nativeReleaseSuspendBlocker name:PowerManagerService.WakeLocks duration ms: 0
08-14 23:29:41.912 D/BluetoothSystemServer( 4548): BluetoothManagerService: isBluetoothPersistedStateOn: 2
08-14 23:29:41.913 D/BluetoothSystemServer( 4548): BluetoothManagerService: delayModeChangedIfNeeded(onAirplaneModeChanged): state=BLE_ON isAirplaneModeOn()=false isSatelliteModeOn()=false delayed=400ms
08-14 23:29:42.274 D/BatteryService( 4548): uevent={POWER_SUPPLY_VOLTAGE_NOW=4242000, POWER_SUPPLY_CURRENT_AVG=1943500, POWER_SUPPLY_CAPACITY_LEVEL=Normal, POWER_SUPPLY_TYPE=Battery, POWER_SUPPLY_HEALTH=Good, POWER_SUPPLY_CURRENT_NOW=2049000, POWER_SUPPLY_PRESENT=1, POWER_SUPPLY_TECHNOLOGY=Li-ion, POWER_SUPPLY_CHARGE_FULL=6035500, POWER_SUPPLY_TIME_TO_FULL_NOW=3464, POWER_SUPPLY_CHARGE_FULL_DESIGN=5972000, SUBSYSTEM=power_supply, POWER_SUPPLY_CONSTANT_CHARGE_VOLTAGE=4300, POWER_SUPPLY_TEMP=350, SEQNUM=600479, ACTION=change, POWER_SUPPLY_NAME=battery, POWER_SUPPLY_STATUS=Charging, POWER_SUPPLY_CYCLE_COUNT=316, POWER_SUPPLY_CHARGE_COUNTER=4285205, POWER_SUPPLY_CAPACITY=71, DEVPATH=/devices/platform/11b20000.i2c/i2c-5/5-0034/11b20000.i2c:mt6375@34:mtk_gauge/power_supply/battery}
08-14 23:29:42.275 D/BatteryService( 4548): uevent={POWER_SUPPLY_VOLTAGE_NOW=4242000, POWER_SUPPLY_CURRENT_AVG=1943500, POWER_SUPPLY_CAPACITY_LEVEL=Normal, POWER_SUPPLY_TYPE=Battery, POWER_SUPPLY_HEALTH=Good, POWER_SUPPLY_CURRENT_NOW=2049000, POWER_SUPPLY_PRESENT=1, POWER_SUPPLY_TECHNOLOGY=Li-ion, POWER_SUPPLY_CHARGE_FULL=6035500, POWER_SUPPLY_TIME_TO_FULL_NOW=3464, POWER_SUPPLY_CHARGE_FULL_DESIGN=5972000, SUBSYSTEM=power_supply, POWER_SUPPLY_CONSTANT_CHARGE_VOLTAGE=4300, POWER_SUPPLY_TEMP=350, SEQNUM=600479, ACTION=change, POWER_SUPPLY_NAME=battery, POWER_SUPPLY_STATUS=Charging, POWER_SUPPLY_CYCLE_COUNT=316, POWER_SUPPLY_CHARGE_COUNTER=4285205, POWER_SUPPLY_CAPACITY=71, DEVPATH=/devices/platform/11b20000.i2c/i2c-5/5-0034/11b20000.i2c:mt6375@34:mtk_gauge/power_supply/battery}
08-14 23:29:42.280 D/PowerUI ( 4822): can't show warning due to - plugged: true status unknown: false
08-14 23:29:42.282 V/UiModeManager( 4548): updateLocked: null action, mDockState=0, category=null
08-14 23:29:42.283 D/UiModeManager( 4548): updateConfigurationLocked: mDockState=0; mCarMode=false; mNightMode=com.android.server.UiModeManagerService$1@f66f8ee; mNightModeCustomType=-1; uiMode=33
08-14 23:29:42.285 V/UiModeManager( 4548): updateLocked: null action, mDockState=0, category=null
08-14 23:29:42.285 D/UiModeManager( 4548): updateConfigurationLocked: mDockState=0; mCarMode=false; mNightMode=com.android.server.UiModeManagerService$1@f66f8ee; mNightModeCustomType=-1; uiMode=33
08-14 23:29:42.289 D/PowerUI ( 4822): can't show warning due to - plugged: true status unknown: false
08-14 23:29:42.314 D/BluetoothSystemServer( 4548): BluetoothManagerService: isBluetoothPersistedStateOn: 2
08-14 23:29:42.315 D/BluetoothSystemServer( 4548): BluetoothManagerService: delayModeChangedIfNeeded(onAirplaneModeChanged): state=BLE_ON isAirplaneModeOn()=false isSatelliteModeOn()=false delayed=400ms
08-14 23:29:42.325 D/PowerUI ( 4822): can't show warning due to - plugged: true status unknown: false
08-14 23:29:42.325 D/LPPeService( 4548): [13.4][lbs] lbsBatteryChanged() level=[71] scale=[100] percentage=[71]
08-14 23:29:42.327 V/UiModeManager( 4548): updateLocked: null action, mDockState=0, category=null
08-14 23:29:42.327 D/UiModeManager( 4548): updateConfigurationLocked: mDockState=0; mCarMode=false; mNightMode=com.android.server.UiModeManagerService$1@f66f8ee; mNightModeCustomType=-1; uiMode=33
08-14 23:29:42.328 D/ActivityManager( 4548): unfreezing ProcessRecord{9a292a4 6197:com.motorola.coresettingsext/u0a279}, reason = unfreezeTemporarily, adj = 975, adjType = cch-empty, adjSource = null
08-14 23:29:42.329 D/ActivityManager( 4548): sync unfroze 6197 com.motorola.coresettingsext for 3
08-14 23:29:42.330 W/ContextImpl( 4548): Calling a method in the system process without a qualified user: android.app.ContextImpl.startService:1946 com.motorola.server.batterycare.MotoBatteryCareService.notifyBatteryLevelChanged:1210 com.motorola.server.batterycare.MotoBatteryCareService.-$$Nest$mnotifyBatteryLevelChanged:0 com.motorola.server.batterycare.MotoBatteryCareService$1.onReceive:223 android.app.LoadedApk$ReceiverDispatcher$Args.lambda$getRunnable$0:1832 
08-14 23:29:42.330 D/ActivityManager( 4548): unfreezing ProcessRecord{acf1b4b 2724:com.android.settings/1000}, reason = unfreezeTemporarily, adj = 900, adjType = cch-act, adjSource = null
08-14 23:29:42.334 D/ActivityManager( 4548): sync unfroze 2724 com.android.settings for 3
08-14 23:29:42.338 D/ActivityManager( 4548): unfreezing ProcessRecord{1455bf 8181:com.google.android.apps.turbo/u0a221}, reason = unfreezeTemporarily, adj = 925, adjType = cch-empty, adjSource = null
08-14 23:29:42.339 D/ActivityManager( 4548): sync unfroze 8181 com.google.android.apps.turbo for 3
08-14 23:29:42.342 D/ActivityManager( 4548): unfreezing ProcessRecord{dfd9b88 6451:com.google.android.apps.wellbeing/u0a230}, reason = oom_uncached, adj = 0, adjType = provider, adjSource = ProcessRecord{acf1b4b 2724:com.android.settings/1000}
08-14 23:29:42.342 D/BatteryUsageBroadcastReceiver( 2724): onReceive:android.intent.action.BATTERY_LEVEL_CHANGED
08-14 23:29:42.343 D/ActivityManager( 4548): sync unfroze 6451 com.google.android.apps.wellbeing for 3
08-14 23:29:42.345 D/BatteryUsageBroadcastReceiver( 2724): fetch data because of event: ACTION_BATTERY_LEVEL_CHANGED
08-14 23:29:42.352 I/BatteryCare( 6127): [SmartBackground] [BatteryCareTaskService] Receive event onStartCommand com.motorola.batterycare.services.ACTION_NOTIFY_EVENT
08-14 23:29:42.353 D/addPss  ( 4548): tracker=ProcessState{9f924e3 com.android.settings/1000 pkg=com.android.settings}
08-14 23:29:42.360 D/addPss  ( 4548): tracker=ProcessState{8cdae1b com.google.android.apps.wellbeing/10230 pkg=com.google.android.apps.wellbeing}
08-14 23:29:42.376 I/BufferQueueProducer( 1694): [StatusBar#276](this:0xb400007b24994020,id:-1,api:0,p:-1,c:1694) queueBuffer: fps=0.09 dur=10702.61 max=10702.61 min=10702.61
08-14 23:29:42.378 E/HWC2    ( 1694): Invalid CT ID. displayId: 0
08-14 23:29:42.387 I/BufferQueueProducer( 1694): [FramebufferSurface](this:0xb400007b51f806d0,id:-1,api:1,p:1694,c:1694) queueBuffer: fps=0.09 dur=10703.85 max=10703.85 min=10703.85
08-14 23:29:42.388 I/hwcomposer( 1604): [HWCDisplay] [Display_0 (type:1)] fps:0.093438,dur:10702.28,max:10702.28,min:10702.28  
08-14 23:29:42.718 D/BluetoothSystemServer( 4548): BluetoothManagerService: isBluetoothPersistedStateOn: 2
08-14 23:29:42.718 D/BluetoothSystemServer( 4548): BluetoothManagerService: delayModeChangedIfNeeded(onAirplaneModeChanged): state=BLE_ON isAirplaneModeOn()=false isSatelliteModeOn()=false delayed=400ms
08-14 23:29:42.822 I/ApiService( 7977): sendDataToAPi: CurrentState [activityType=battery_change, probability=100, timeInMillis=1786730382822, extras=PersistableBundle[{battery_level=71}]]
08-14 23:29:42.830 I/android.hardware.thermal@2.0-service.mtk( 1614): fill_temperatures_1_0  name: CPU throttlingStatus: 85 value: 41.633
08-14 23:29:42.831 I/android.hardware.thermal@2.0-service.mtk( 1614): fill_temperatures_1_0  name: GPU throttlingStatus: 85 value: 41.602
08-14 23:29:42.837 I/com.motorola.mya.aiservices-CE-Predicate-battery_change( 7977): Notifying observers for predicate:  battery_change
08-14 23:29:42.837 I/com.motorola.mya.aiservices-CE-Context-battery_change( 7977): Context: battery_change handling update from predicate battery_change
08-14 23:29:42.838 I/android.hardware.thermal@2.0-service.mtk( 1614): fill_temperatures_1_0  name: BATTERY throttlingStatus: 50 value: 35
08-14 23:29:42.839 I/android.hardware.thermal@2.0-service.mtk( 1614): fill_temperatures_1_0  name: SKIN throttlingStatus: 80 value: 37.858
08-14 23:29:43.120 D/BluetoothSystemServer( 4548): BluetoothManagerService: isBluetoothPersistedStateOn: 2
08-14 23:29:43.120 D/BluetoothSystemServer( 4548): BluetoothManagerService: delayModeChangedIfNeeded(onAirplaneModeChanged): state=BLE_ON isAirplaneModeOn()=false isSatelliteModeOn()=false delayed=400ms
08-14 23:29:43.367 I/libPerfCtl( 1650): xgfGetFPS pid:4822 fps:-1
08-14 23:29:43.521 D/BluetoothSystemServer( 4548): BluetoothManagerService: isBluetoothPersistedStateOn: 2
08-14 23:29:43.522 D/BluetoothSystemServer( 4548): BluetoothManagerService: delayModeChangedIfNeeded(onAirplaneModeChanged): state=BLE_ON isAirplaneModeOn()=false isSatelliteModeOn()=false delayed=400ms
08-14 23:29:43.648 D/ULogGuard( 1952): Monitoring: 16 threads, 0 requests, 0 time-bombs; 9 guards. ResetFlags = 0x7
08-14 23:29:43.923 D/BluetoothSystemServer( 4548): BluetoothManagerService: isBluetoothPersistedStateOn: 2
08-14 23:29:43.923 D/BluetoothSystemServer( 4548): BluetoothManagerService: delayModeChangedIfNeeded(onAirplaneModeChanged): state=BLE_ON isAirplaneModeOn()=false isSatelliteModeOn()=false delayed=400ms
08-14 23:29:44.325 D/BluetoothSystemServer( 4548): BluetoothManagerService: isBluetoothPersistedStateOn: 2
08-14 23:29:44.325 D/BluetoothSystemServer( 4548): BluetoothManagerService: delayModeChangedIfNeeded(onAirplaneModeChanged): state=BLE_ON isAirplaneModeOn()=false isSatelliteModeOn()=false delayed=400ms
08-14 23:29:44.368 I/libPerfCtl( 1650): xgfGetFPS pid:4822 fps:-1
08-14 23:29:44.727 D/BluetoothSystemServer( 4548): BluetoothManagerService: isBluetoothPersistedStateOn: 2
08-14 23:29:44.727 D/BluetoothSystemServer( 4548): BluetoothManagerService: delayModeChangedIfNeeded(onAirplaneModeChanged): state=BLE_ON isAirplaneModeOn()=false isSatelliteModeOn()=false delayed=400ms
08-14 23:29:44.753 D/PowerManagerService( 4548): nativeAcquireSuspendBlocker name:PowerManagerService.WakeLocks duration ms: 1
08-14 23:29:44.958 D/PowerManagerService( 4548): nativeReleaseSuspendBlocker name:PowerManagerService.WakeLocks duration ms: 1
08-14 23:29:45.128 D/BluetoothSystemServer( 4548): BluetoothManagerService: isBluetoothPersistedStateOn: 2
08-14 23:29:45.128 D/BluetoothSystemServer( 4548): BluetoothManagerService: delayModeChangedIfNeeded(onAirplaneModeChanged): state=BLE_ON isAirplaneModeOn()=false isSatelliteModeOn()=false delayed=400ms
08-14 23:29:45.369 I/libPerfCtl( 1650): xgfGetFPS pid:4822 fps:-1
08-14 23:29:45.530 D/BluetoothSystemServer( 4548): BluetoothManagerService: isBluetoothPersistedStateOn: 2
08-14 23:29:45.530 D/BluetoothSystemServer( 4548): BluetoothManagerService: delayModeChangedIfNeeded(onAirplaneModeChanged): state=BLE_ON isAirplaneModeOn()=false isSatelliteModeOn()=false delayed=400ms
08-14 23:29:45.572 I/libPowerHal( 1650): [perfLockAcq] idx:4 hdl:279637 hint:25 pid:1650 duration:10000 lock_user:mtkpower@1.0-se => ret_hdl:279637
08-14 23:29:45.572 I/libPowerHal( 1650): [PE] MTKPOWER_HINT_APP_TOUCH update cmd:3408b00 param:1
08-14 23:29:45.573 E/libPowerHal( 1650): [getCPUFreq] error cid:2, nClusterNum:2
08-14 23:29:45.574 W/BoostOptController( 4548): not supported hint: 118
08-14 23:29:45.576 I/Scheduler( 1694): applyPolicy: UpdateRefreshRate 30 to 90 of group 0: [touch=1:1 touchBoost=1 scroll=0:0 idle=1:0]
08-14 23:29:45.576 D/DisplayModeController( 1694): setDesiredMode 0 {mode={fps=90.00 Hz, modePtr={id=1, vsyncRate=90.00 Hz, peakRefreshRate=90.00 Hz}}, emitEvent=true, force=false}
08-14 23:29:45.576 I/libPowerHal( 1650): [perfLockAcq] idx:5 hdl:279638 hint:-1 pid:1650 duration:200 lock_user:mtkpower@1.0-se => ret_hdl:279638
08-14 23:29:45.577 I/libPowerHal( 1650): [setClusterFreq] mtkpower@1.0-se: sysfs_freq set cpu freq: 1850000 1850000 2050000 2050000 
08-14 23:29:45.578 D/Scheduler( 1694): MtkOverrideDuration: update vsync 90
08-14 23:29:45.579 D/Scheduler( 1694): MtkOverrideDuration: reset override duration
08-14 23:29:45.579 I/PowerHalWrapper( 1694): updateFps(): 90
08-14 23:29:45.579 I/hwcomposer( 1604): [DRMDEV] (0) failed to waitNextVsync: -1  
08-14 23:29:45.580 I/libPowerHal( 1650): [PE] mtkpower@1.0-se update cmd:1408300, param:80
08-14 23:29:45.582 V/DisplayPowerController2[0]( 4548): Brightness [0.06934309] reason changing to: 'automatic', previous reason: 'automatic [ dim ]'.
08-14 23:29:45.582 I/DisplayPowerController2[0]( 4548): 08-14 23:29:45.582 - BrightnessEvent: disp=0, physDisp=local:0, displayState=ON, displayPolicy=BRIGHT, brt=0.06934309, initBrt=0.0078, rcmdBrt=0.06934309, preBrt=NaN, lux=0.0, preLux=NaN, brtNits=37.02222, hdrNits=NaN, initNits=8.101341, preNits=NaN, rcmdNits=37.02222, hdrBrightness=NaN, brt(%)=17%, brtInt=19, hbmPolicy=legacy, hbmMax=0.9999, hbmMode=off, rbcStrength=50, thrmMax=1.0, powerFactor=1.0, wasShortTermModelActive=false, flags=, reason=automatic, autoBrightness=true, strategy=InvalidBrightnessStrategy, autoBrightnessMode=default
08-14 23:29:45.584 I/hwcomposer( 1604): [DRMDEV] (0) failed to waitNextVsync: -1  
08-14 23:29:45.584 D/DisplayManagerService( 4548): Ignore redundant display event 0/4 to 10217/6557
08-14 23:29:45.584 D/DisplayManagerService( 4548): Ignore redundant display event 0/4 to 10264/7624
08-14 23:29:45.584 I/BrightnessSynchronizer( 4548): New Update: {[37572] 0.06934309(f), mUpdatedTypes=0, mConfirmedTypes=0, mTimeUpdated=0, mState=2}
08-14 23:29:45.585 I/SurfaceFlinger( 1694): initiateDisplayModeChanges changing active mode from 3(30.00 Hz:0) to 1(90.00 Hz:0) for display 0
08-14 23:29:45.586 I/hwcomposer( 1604): [HWC] (0) displaySetActiveConfig config:1  
08-14 23:29:45.586 I/SurfaceFlinger( 1694): initiateDisplayModeChanges active mode changed to 1(90.00 Hz) for display 0. mBrightnessDimingCnt=0
08-14 23:29:45.586 E/HWC2    ( 1694): Invalid CT ID. displayId: 0
08-14 23:29:45.589 I/BufferQueueProducer( 1694): [FramebufferSurface](this:0xb400007b51f806d0,id:-1,api:1,p:1694,c:1694) queueBuffer: fps=0.31 dur=3202.40 max=3202.40 min=3202.40
08-14 23:29:45.590 I/hwcomposer( 1604): [HWCDisplay] [Display_0 (type:1)] fps:0.312292,dur:3202.13,max:3202.13,min:3202.13  
08-14 23:29:45.619 I/PowerHalWrapper( 1694): updateFps(): 90
08-14 23:29:45.620 I/DisplayDeviceRepository( 4548): Display device changed render timings: "Built-in Screen", renderFrameRate=90.0, presentationDeadlineNanos=24777778, appVsyncOffsetNanos=-8000000
08-14 23:29:45.620 I/SurfaceFlinger( 1694): initiateDisplayModeChanges changing active mode from 1(90.00 Hz:0) to 1(90.00 Hz:0) for display 0
08-14 23:29:45.620 I/PowerHalWrapper( 1694): updateFps(): 90
08-14 23:29:45.620 E/HWC2    ( 1694): Invalid CT ID. displayId: 0
08-14 23:29:45.622 D/BrightnessThermalClamper( 4548): Thermal status observer already started
08-14 23:29:45.623 D/MCLOG   ( 4500): [BrightnessTrigger] onDisplayChanged displayId = 0
08-14 23:29:45.626 D/MCLOG   ( 4500): [BrightnessManager] displayId = 0 brightness = 0.06934309 nit = 37.02222 level = br1
08-14 23:29:45.629 D/AudioSystem( 4548): +setParameters(): screen_state=on 
08-14 23:29:45.630 E/MTKBoostFramework( 4548): zengzm sAcquireFunc public int com.mediatek.powerhalwrapper.PowerHalWrapper.perfLockAcquire(int,int,int[])
08-14 23:29:45.630 I/mtkpower_client( 4548): perf_lock_acq, hdl:0, dur:100, num:16, pid:4548, tid:4568
08-14 23:29:45.631 D/AudioALSAHardware( 4358): +setParameters(): screen_state=on
08-14 23:29:45.631 I/mtkpower_client( 4548): ret_hdl:279639
08-14 23:29:45.631 D/AudioALSAStreamOut( 4358): +setScreenState(), flag 2, mode 1
08-14 23:29:45.631 D/AudioALSAStreamOut( 4358): +setScreenState(), flag 8, mode 1
08-14 23:29:45.631 D/AudioALSAStreamOut( 4358): +setScreenState(), flag 4, mode 1
08-14 23:29:45.631 D/AudioALSAStreamOut( 4358): +setScreenState(), flag 32768, mode 1
08-14 23:29:45.631 D/AudioALSAStreamOut( 4358): +setScreenState(), flag 65536, mode 1
08-14 23:29:45.631 D/AudioALSAHardware( 4358): -setParameters(): screen_state=on
08-14 23:29:45.631 I/libPowerHal( 1650): [perfLockAcq] idx:6 hdl:279639 hint:-1 pid:4548 duration:100 lock_user:system_server => ret_hdl:279639
08-14 23:29:45.631 I/libPowerHal( 1650): [setGPUFreq] system_server user set gpu freq min:0, max:-1
08-14 23:29:45.631 I/libPowerHal( 1650): system_server: set gpu opp level: 0
08-14 23:29:45.631 I/libPowerHal( 1650): system_server: set gpu opp level max: 0
08-14 23:29:45.632 I/libPowerHal( 1650): [setGPUFreq] Soft min/max = (0, 0); Hard min/max = (36, 0)
08-14 23:29:45.632 I/libPowerHal( 1650): [setGPUFreq] final min/max = (0, 0)
08-14 23:29:45.632 I/libPowerHal( 1650): system_server: set gpu opp level: 0
08-14 23:29:45.632 I/libPowerHal( 1650): system_server: set gpu opp level max: 0
08-14 23:29:45.632 I/libPowerHal( 1650): [setClusterFreq] system_server: sysfs_freq set cpu freq: 1850000 1850000 2050000 2050000 
08-14 23:29:45.632 I/libPowerHal( 1650): [PE] system_server update cmd:1404300, param:1
08-14 23:29:45.632 W/BTAudioHw( 4358): adev_set_parameterserror paremeter : : ParamsMap=[key: 'screen_state' value: 'on'
08-14 23:29:45.632 W/BTAudioHw( 4358): ]
08-14 23:29:45.632 I/libPowerHal( 1650): [PE] system_server update cmd:1000000 param:0
08-14 23:29:45.637 I/Scheduler( 1694): notifyScrollEvent state=1
08-14 23:29:45.637 I/Scheduler( 1694): applyPolicy: UpdateRefreshRate 90 to 120 of group 0: [touch=1:1 touchBoost=1 scroll=1:1 idle=1:0]
08-14 23:29:45.638 D/DisplayModeController( 1694): setDesiredMode 0 {mode={fps=120.00 Hz, modePtr={id=0, vsyncRate=120.00 Hz, peakRefreshRate=120.00 Hz}}, emitEvent=true, force=false}
08-14 23:29:45.638 D/Scheduler( 1694): MtkOverrideDuration: update vsync 120
08-14 23:29:45.638 D/Scheduler( 1694): MtkOverrideDuration: reset override duration
08-14 23:29:45.638 I/PowerHalWrapper( 1694): updateFps(): 120
08-14 23:29:45.641 I/SurfaceFlinger( 1694): initiateDisplayModeChanges changing active mode from 1(90.00 Hz:0) to 0(120.00 Hz:0) for display 0
08-14 23:29:45.641 I/hwcomposer( 1604): [HWC] (0) displaySetActiveConfig config:0  
08-14 23:29:45.641 I/SurfaceFlinger( 1694): initiateDisplayModeChanges active mode changed to 0(120.00 Hz) for display 0. mBrightnessDimingCnt=0
08-14 23:29:45.641 E/HWC2    ( 1694): Invalid CT ID. displayId: 0
08-14 23:29:45.652 I/PowerHalWrapper( 1694): updateFps(): 120
08-14 23:29:45.653 I/DisplayDeviceRepository( 4548): Display device changed render timings: "Built-in Screen", renderFrameRate=120.00001, presentationDeadlineNanos=22000000, appVsyncOffsetNanos=-8000000
08-14 23:29:45.653 I/SurfaceFlinger( 1694): initiateDisplayModeChanges changing active mode from 0(120.00 Hz:0) to 0(120.00 Hz:0) for display 0
08-14 23:29:45.653 I/PowerHalWrapper( 1694): updateFps(): 120
08-14 23:29:45.653 E/HWC2    ( 1694): Invalid CT ID. displayId: 0
08-14 23:29:45.653 D/StatsLog(15363): LAUNCHER_ALLAPPS_ENTRY
08-14 23:29:45.653 D/StateManager(15363): onStateTransitionStart - state: AllApps
08-14 23:29:45.654 D/WindowManagerShell( 4822): setLauncherKeepClearAreaHeight: visible=false, height=193
08-14 23:29:45.657 D/DisplayManagerService( 4548): Ignore redundant display event 0/2 to 10217/6557
08-14 23:29:45.657 D/DisplayManagerService( 4548): Ignore redundant display event 0/2 to 10264/7624
08-14 23:29:45.657 D/MCLOG   ( 4500): [BrightnessTrigger] onDisplayChanged displayId = 0
08-14 23:29:45.658 D/PowerManagerService( 4548): nativeAcquireSuspendBlocker name:PowerManagerService.WakeLocks duration ms: 2
08-14 23:29:45.659 D/Vibrator( 1658): Vibrator perform 1, 0
08-14 23:29:45.659 I/Vibrator( 1658): Vibrator on for timeoutMs: 50
08-14 23:29:45.659 D/Vibrator( 1658): Vibrator using LED trigger
08-14 23:29:45.659 D/Vibrator( 1658): vibra_led_on_resonate
08-14 23:29:45.660 D/BrightnessThermalClamper( 4548): Thermal status observer already started
08-14 23:29:45.660 D/MCLOG   ( 4500): [BrightnessManager] displayId = 0 brightness = 0.06934309 nit = 37.02222 level = br1
08-14 23:29:45.662 D/WindowManagerShell( 4822): onKeepClearAreasChanged: restricted={Rect(1, 2093 - 1079, 2346)}, unrestricted={}
08-14 23:29:45.663 E/HWC2    ( 1694): Invalid CT ID. displayId: 0
08-14 23:29:45.665 D/AudioSystem( 4548): +setParameters(): screen_state=on 
08-14 23:29:45.665 D/AudioALSAHardware( 4358): +setParameters(): screen_state=on
08-14 23:29:45.665 D/AudioALSAStreamOut( 4358): +setScreenState(), flag 2, mode 1
08-14 23:29:45.665 D/AudioALSAStreamOut( 4358): +setScreenState(), flag 8, mode 1
08-14 23:29:45.665 D/AudioALSAStreamOut( 4358): +setScreenState(), flag 4, mode 1
08-14 23:29:45.665 D/AudioALSAStreamOut( 4358): +setScreenState(), flag 32768, mode 1
08-14 23:29:45.665 D/AudioALSAStreamOut( 4358): +setScreenState(), flag 65536, mode 1
08-14 23:29:45.665 D/AudioALSAHardware( 4358): -setParameters(): screen_state=on
08-14 23:29:45.666 W/BTAudioHw( 4358): adev_set_parameterserror paremeter : : ParamsMap=[key: 'screen_state' value: 'on'
08-14 23:29:45.666 W/BTAudioHw( 4358): ]
08-14 23:29:45.670 W/BoostOptController( 4548): not supported hint: 118
08-14 23:29:45.673 I/BrightnessSynchronizer( 4548): New Update: {[37573] 0.06934309(f), mUpdatedTypes=0, mConfirmedTypes=0, mTimeUpdated=0, mState=2}
08-14 23:29:45.675 I/BufferQueueProducer( 1694): [com.motorola.launcher3/com.android.launcher3.CustomizationPanelLauncher#84848](this:0xb400007b24e1b820,id:-1,api:0,p:-1,c:1694) queueBuffer: fps=1.89 dur=24288.01 max=23813.70 min=7.24
08-14 23:29:45.675 E/HWC2    ( 1694): Invalid CT ID. displayId: 0
08-14 23:29:45.688 E/HWC2    ( 1694): Invalid CT ID. displayId: 0
08-14 23:29:45.696 E/HWC2    ( 1694): Invalid CT ID. displayId: 0
08-14 23:29:45.705 E/HWC2    ( 1694): Invalid CT ID. displayId: 0
08-14 23:29:45.713 E/HWC2    ( 1694): Invalid CT ID. displayId: 0
08-14 23:29:45.715 D/Vibrator( 1658): Vibrator off
08-14 23:29:45.715 D/Vibrator( 1658): Vibrator using LED trigger
08-14 23:29:45.717 D/PowerManagerService( 4548): nativeReleaseSuspendBlocker name:PowerManagerService.WakeLocks duration ms: 1
08-14 23:29:45.721 E/HWC2    ( 1694): Invalid CT ID. displayId: 0
08-14 23:29:45.730 E/HWC2    ( 1694): Invalid CT ID. displayId: 0
08-14 23:29:45.733 I/mtkpower@impl( 1650): [powerd_req] TIMER_MSG_PERF_LOCK_TIMEOUT hdl:279639
08-14 23:29:45.733 I/libPowerHal( 1650): [perfLockRel] hdl:279639, idx:6
08-14 23:29:45.733 I/libPowerHal( 1650): [setClusterFreq] system_server: sysfs_freq set cpu freq: 1850000 1850000 2050000 2050000 
08-14 23:29:45.733 I/libPowerHal( 1650): [unsetGPUFreq] current min:0, max:0; scn_gpu_min:0, scn_gpu_max:-1; scn_gpu_min(HL):-1, scn_gpu_max(HL):-1
08-14 23:29:45.733 I/libPowerHal( 1650): system_server: set gpu opp level: 36
08-14 23:29:45.733 I/libPowerHal( 1650): system_server: set gpu opp level max: 0
08-14 23:29:45.733 I/libPowerHal( 1650): [setGPUFreq] Soft min/max = (36, 0); Hard min/max = (36, 0)
08-14 23:29:45.733 I/libPowerHal( 1650): [setGPUFreq] final min/max = (36, 0)
08-14 23:29:45.733 I/libPowerHal( 1650): system_server: set gpu opp level: 36
08-14 23:29:45.733 I/libPowerHal( 1650): system_server: set gpu opp level max: 0
08-14 23:29:45.734 I/libPowerHal( 1650): [PD] system_server update cmd:1404300 param:0
08-14 23:29:45.734 I/libPowerHal( 1650): [PD] system_server update cmd:1000000 param:-1
08-14 23:29:45.738 E/HWC2    ( 1694): Invalid CT ID. displayId: 0
08-14 23:29:45.746 E/HWC2    ( 1694): Invalid CT ID. displayId: 0
08-14 23:29:45.755 E/HWC2    ( 1694): Invalid CT ID. displayId: 0
08-14 23:29:45.759 D/WindowManagerShell( 4822): onKeepClearAreasChanged: restricted={Rect(11, 2077 - 1069, 2325)}, unrestricted={}
08-14 23:29:45.763 E/HWC2    ( 1694): Invalid CT ID. displayId: 0
08-14 23:29:45.766 D/WindowManagerShell( 4822): onKeepClearAreasChanged: restricted={Rect(12, 2076 - 1068, 2324)}, unrestricted={}
08-14 23:29:45.771 E/HWC2    ( 1694): Invalid CT ID. displayId: 0
08-14 23:29:45.773 W/BoostOptController( 4548): not supported hint: 118
08-14 23:29:45.779 E/HWC2    ( 1694): Invalid CT ID. displayId: 0
08-14 23:29:45.781 I/mtkpower@impl( 1650): [powerd_req] TIMER_MSG_PERF_LOCK_TIMEOUT hdl:279638
08-14 23:29:45.781 I/libPowerHal( 1650): [perfLockRel] hdl:279638, idx:5
08-14 23:29:45.781 I/libPowerHal( 1650): [setClusterFreq] mtkpower@1.0-se: sysfs_freq set cpu freq: -1 1850000 -1 2050000 
08-14 23:29:45.781 I/libPowerHal( 1650): [PD] mtkpower@1.0-se update cmd:1408300 param:0
08-14 23:29:45.788 E/HWC2    ( 1694): Invalid CT ID. displayId: 0
08-14 23:29:45.797 E/HWC2    ( 1694): Invalid CT ID. displayId: 0
08-14 23:29:45.805 E/HWC2    ( 1694): Invalid CT ID. displayId: 0
08-14 23:29:45.813 E/HWC2    ( 1694): Invalid CT ID. displayId: 0
08-14 23:29:45.822 E/HWC2    ( 1694): Invalid CT ID. displayId: 0
08-14 23:29:45.830 E/HWC2    ( 1694): Invalid CT ID. displayId: 0
08-14 23:29:45.839 E/HWC2    ( 1694): Invalid CT ID. displayId: 0
08-14 23:29:45.844 D/PowerManagerService( 4548): nativeAcquireSuspendBlocker name:PowerManagerService.WakeLocks duration ms: 2
08-14 23:29:45.847 E/HWC2    ( 1694): Invalid CT ID. displayId: 0
08-14 23:29:45.855 E/HWC2    ( 1694): Invalid CT ID. displayId: 0
08-14 23:29:45.864 E/HWC2    ( 1694): Invalid CT ID. displayId: 0
08-14 23:29:45.870 D/WindowManagerShell( 4822): onKeepClearAreasChanged: restricted={Rect(12, 2075 - 1068, 2324)}, unrestricted={}
08-14 23:29:45.871 E/HWC2    ( 1694): Invalid CT ID. displayId: 0
08-14 23:29:45.873 D/WindowManagerShell( 4822): onKeepClearAreasChanged: restricted={Rect(12, 2076 - 1068, 2324)}, unrestricted={}
08-14 23:29:45.877 W/BoostOptController( 4548): not supported hint: 118
08-14 23:29:45.879 E/HWC2    ( 1694): Invalid CT ID. displayId: 0
08-14 23:29:45.888 E/HWC2    ( 1694): Invalid CT ID. displayId: 0
08-14 23:29:45.896 E/HWC2    ( 1694): Invalid CT ID. displayId: 0
08-14 23:29:45.905 E/HWC2    ( 1694): Invalid CT ID. displayId: 0
08-14 23:29:45.913 E/HWC2    ( 1694): Invalid CT ID. displayId: 0
08-14 23:29:45.921 E/HWC2    ( 1694): Invalid CT ID. displayId: 0
08-14 23:29:45.930 E/HWC2    ( 1694): Invalid CT ID. displayId: 0
08-14 23:29:45.931 D/BluetoothSystemServer( 4548): BluetoothManagerService: isBluetoothPersistedStateOn: 2
08-14 23:29:45.931 D/BluetoothSystemServer( 4548): BluetoothManagerService: delayModeChangedIfNeeded(onAirplaneModeChanged): state=BLE_ON isAirplaneModeOn()=false isSatelliteModeOn()=false delayed=400ms
08-14 23:29:45.938 E/HWC2    ( 1694): Invalid CT ID. displayId: 0
08-14 23:29:45.946 E/HWC2    ( 1694): Invalid CT ID. displayId: 0
08-14 23:29:45.955 E/HWC2    ( 1694): Invalid CT ID. displayId: 0
08-14 23:29:45.959 D/BatteryService( 4548): uevent={POWER_SUPPLY_VOLTAGE_NOW=4220000, POWER_SUPPLY_CURRENT_AVG=1938100, POWER_SUPPLY_CAPACITY_LEVEL=Normal, POWER_SUPPLY_TYPE=Battery, POWER_SUPPLY_HEALTH=Good, POWER_SUPPLY_CURRENT_NOW=1697800, POWER_SUPPLY_PRESENT=1, POWER_SUPPLY_TECHNOLOGY=Li-ion, POWER_SUPPLY_CHARGE_FULL=6035500, POWER_SUPPLY_TIME_TO_FULL_NOW=4295, POWER_SUPPLY_CHARGE_FULL_DESIGN=5972000, SUBSYSTEM=power_supply, POWER_SUPPLY_CONSTANT_CHARGE_VOLTAGE=4300, POWER_SUPPLY_TEMP=350, SEQNUM=600485, ACTION=change, POWER_SUPPLY_NAME=battery, POWER_SUPPLY_STATUS=Charging, POWER_SUPPLY_CYCLE_COUNT=316, POWER_SUPPLY_CHARGE_COUNTER=4285205, POWER_SUPPLY_CAPACITY=71, DEVPATH=/devices/platform/11b20000.i2c/i2c-5/5-0034/11b20000.i2c:mt6375@34:mtk_gauge/power_supply/battery}
08-14 23:29:45.959 D/BatteryService( 4548): uevent={POWER_SUPPLY_VOLTAGE_NOW=4220000, POWER_SUPPLY_CURRENT_AVG=1938100, POWER_SUPPLY_CAPACITY_LEVEL=Normal, POWER_SUPPLY_TYPE=Battery, POWER_SUPPLY_HEALTH=Good, POWER_SUPPLY_CURRENT_NOW=1697800, POWER_SUPPLY_PRESENT=1, POWER_SUPPLY_TECHNOLOGY=Li-ion, POWER_SUPPLY_CHARGE_FULL=6035500, POWER_SUPPLY_TIME_TO_FULL_NOW=4295, POWER_SUPPLY_CHARGE_FULL_DESIGN=5972000, SUBSYSTEM=power_supply, POWER_SUPPLY_CONSTANT_CHARGE_VOLTAGE=4300, POWER_SUPPLY_TEMP=350, SEQNUM=600485, ACTION=change, POWER_SUPPLY_NAME=battery, POWER_SUPPLY_STATUS=Charging, POWER_SUPPLY_CYCLE_COUNT=316, POWER_SUPPLY_CHARGE_COUNTER=4285205, POWER_SUPPLY_CAPACITY=71, DEVPATH=/devices/platform/11b20000.i2c/i2c-5/5-0034/11b20000.i2c:mt6375@34:mtk_gauge/power_supply/battery}
08-14 23:29:45.962 E/HWC2    ( 1694): Invalid CT ID. displayId: 0
08-14 23:29:45.969 V/UiModeManager( 4548): updateLocked: null action, mDockState=0, category=null
08-14 23:29:45.969 D/UiModeManager( 4548): updateConfigurationLocked: mDockState=0; mCarMode=false; mNightMode=com.android.server.UiModeManagerService$1@f66f8ee; mNightModeCustomType=-1; uiMode=33
08-14 23:29:45.970 D/WindowManagerShell( 4822): onKeepClearAreasChanged: restricted={Rect(10, 2079 - 1070, 2329)}, unrestricted={}
08-14 23:29:45.971 E/HWC2    ( 1694): Invalid CT ID. displayId: 0
08-14 23:29:45.974 D/PowerUI ( 4822): can't show warning due to - plugged: true status unknown: false
08-14 23:29:45.978 D/WindowManagerShell( 4822): onKeepClearAreasChanged: restricted={Rect(9, 2080 - 1071, 2330)}, unrestricted={}
08-14 23:29:45.978 E/HWC2    ( 1694): Invalid CT ID. displayId: 0
08-14 23:29:45.981 W/BoostOptController( 4548): not supported hint: 118
08-14 23:29:45.988 E/HWC2    ( 1694): Invalid CT ID. displayId: 0
08-14 23:29:45.996 E/HWC2    ( 1694): Invalid CT ID. displayId: 0
08-14 23:29:45.999 V/UiModeManager( 4548): updateLocked: null action, mDockState=0, category=null
08-14 23:29:45.999 D/PowerUI ( 4822): can't show warning due to - plugged: true status unknown: false
08-14 23:29:46.000 D/UiModeManager( 4548): updateConfigurationLocked: mDockState=0; mCarMode=false; mNightMode=com.android.server.UiModeManagerService$1@f66f8ee; mNightModeCustomType=-1; uiMode=33
08-14 23:29:46.004 E/HWC2    ( 1694): Invalid CT ID. displayId: 0
08-14 23:29:46.013 E/HWC2    ( 1694): Invalid CT ID. displayId: 0
08-14 23:29:46.021 E/HWC2    ( 1694): Invalid CT ID. displayId: 0
08-14 23:29:46.029 E/HWC2    ( 1694): Invalid CT ID. displayId: 0
08-14 23:29:46.037 E/HWC2    ( 1694): Invalid CT ID. displayId: 0
08-14 23:29:46.046 E/HWC2    ( 1694): Invalid CT ID. displayId: 0
08-14 23:29:46.054 E/HWC2    ( 1694): Invalid CT ID. displayId: 0
08-14 23:29:46.060 D/PowerManagerService( 4548): nativeReleaseSuspendBlocker name:PowerManagerService.WakeLocks duration ms: 0
08-14 23:29:46.062 E/HWC2    ( 1694): Invalid CT ID. displayId: 0
08-14 23:29:46.071 E/HWC2    ( 1694): Invalid CT ID. displayId: 0
08-14 23:29:46.078 D/WindowManagerShell( 4822): onKeepClearAreasChanged: restricted={Rect(3, 2091 - 1077, 2344)}, unrestricted={}
08-14 23:29:46.079 E/HWC2    ( 1694): Invalid CT ID. displayId: 0
08-14 23:29:46.084 D/WindowManagerShell( 4822): onKeepClearAreasChanged: restricted={Rect(2, 2092 - 1078, 2344)}, unrestricted={}
08-14 23:29:46.086 W/BoostOptController( 4548): not supported hint: 118
08-14 23:29:46.088 E/HWC2    ( 1694): Invalid CT ID. displayId: 0
08-14 23:29:46.096 E/HWC2    ( 1694): Invalid CT ID. displayId: 0
08-14 23:29:46.104 E/HWC2    ( 1694): Invalid CT ID. displayId: 0
08-14 23:29:46.112 E/HWC2    ( 1694): Invalid CT ID. displayId: 0
08-14 23:29:46.121 E/HWC2    ( 1694): Invalid CT ID. displayId: 0
08-14 23:29:46.129 E/HWC2    ( 1694): Invalid CT ID. displayId: 0
08-14 23:29:46.137 E/HWC2    ( 1694): Invalid CT ID. displayId: 0
08-14 23:29:46.146 E/HWC2    ( 1694): Invalid CT ID. displayId: 0
08-14 23:29:46.154 I/BpBinder( 1694): onLastStrongRef automatically unlinking death recipients: 
08-14 23:29:46.154 E/HWC2    ( 1694): Invalid CT ID. displayId: 0
08-14 23:29:46.165 E/HWC2    ( 1694): Invalid CT ID. displayId: 0
08-14 23:29:46.179 E/HWC2    ( 1694): Invalid CT ID. displayId: 0
08-14 23:29:46.181 I/libPowerHal( 1650): [perfLockRel] hdl:279637, idx:4
08-14 23:29:46.182 I/libPowerHal( 1650): [PD] MTKPOWER_HINT_APP_TOUCH update cmd:3408b00 param:0
08-14 23:29:46.182 D/setStateWithAnimation(15363): State transition failed, toState : AllApps
08-14 23:29:46.182 E/MTKBoostFramework( 4548): zengzm sAcquireFunc public int com.mediatek.powerhalwrapper.PowerHalWrapper.perfLockAcquire(int,int,int[])
08-14 23:29:46.182 I/mtkpower_client( 4548): perf_lock_acq, hdl:0, dur:259, num:16, pid:4548, tid:4568
08-14 23:29:46.182 D/StateManager(15363): onStateTransitionStart - state: AllApps
08-14 23:29:46.184 I/mtkpower_client( 4548): ret_hdl:279640
08-14 23:29:46.184 I/libPowerHal( 1650): [perfLockAcq] idx:4 hdl:279640 hint:-1 pid:4548 duration:259 lock_user:system_server => ret_hdl:279640
08-14 23:29:46.184 I/libPowerHal( 1650): [setGPUFreq] system_server user set gpu freq min:0, max:-1
08-14 23:29:46.184 I/libPowerHal( 1650): system_server: set gpu opp level: 0
08-14 23:29:46.184 I/libPowerHal( 1650): system_server: set gpu opp level max: 0
08-14 23:29:46.184 W/BoostOptController( 4548): not supported hint: 118
08-14 23:29:46.184 I/libPowerHal( 1650): [setGPUFreq] Soft min/max = (0, 0); Hard min/max = (36, 0)
08-14 23:29:46.184 I/libPowerHal( 1650): [setGPUFreq] final min/max = (0, 0)
08-14 23:29:46.184 I/libPowerHal( 1650): system_server: set gpu opp level: 0
08-14 23:29:46.184 I/libPowerHal( 1650): system_server: set gpu opp level max: 0
08-14 23:29:46.186 E/MTKBoostFramework( 4548): zengzm sAcquireFunc public int com.mediatek.powerhalwrapper.PowerHalWrapper.perfLockAcquire(int,int,int[])
08-14 23:29:46.186 I/mtkpower_client( 4548): perf_lock_acq, hdl:0, dur:100, num:16, pid:4548, tid:4568
08-14 23:29:46.186 I/libPowerHal( 1650): [setClusterFreq] system_server: sysfs_freq set cpu freq: 1750000 1850000 1850000 2050000 
08-14 23:29:46.186 I/libPowerHal( 1650): [PE] system_server update cmd:1404300, param:1
08-14 23:29:46.186 D/WindowManagerShell( 4822): onKeepClearAreasChanged: restricted={Rect(2, 2093 - 1078, 2346)}, unrestricted={}
08-14 23:29:46.187 E/HWC2    ( 1694): Invalid CT ID. displayId: 0
08-14 23:29:46.188 I/libPowerHal( 1650): [PE] system_server update cmd:1408300, param:40
08-14 23:29:46.188 I/libPowerHal( 1650): [PE] system_server update cmd:1000000 param:0
08-14 23:29:46.189 D/WindowManagerShell( 4822): onKeepClearAreasChanged: restricted={Rect(2, 2093 - 1078, 2345)}, unrestricted={}
08-14 23:29:46.190 I/mtkpower_client( 4548): ret_hdl:279641
08-14 23:29:46.191 I/libPowerHal( 1650): [perfLockAcq] idx:5 hdl:279641 hint:-1 pid:4548 duration:100 lock_user:system_server => ret_hdl:279641
08-14 23:29:46.191 I/libPowerHal( 1650): [setGPUFreq] system_server user set gpu freq min:0, max:-1
08-14 23:29:46.191 I/libPowerHal( 1650): system_server: set gpu opp level max: 0
08-14 23:29:46.191 I/libPowerHal( 1650): [setGPUFreq] Soft min/max = (0, 0); Hard min/max = (36, 0)
08-14 23:29:46.191 I/libPowerHal( 1650): [setGPUFreq] final min/max = (0, 0)
08-14 23:29:46.191 I/libPowerHal( 1650): system_server: set gpu opp level: 0
08-14 23:29:46.192 I/libPowerHal( 1650): system_server: set gpu opp level max: 0
08-14 23:29:46.194 E/HWC2    ( 1694): Invalid CT ID. displayId: 0
08-14 23:29:46.203 E/HWC2    ( 1694): Invalid CT ID. displayId: 0
08-14 23:29:46.211 E/HWC2    ( 1694): Invalid CT ID. displayId: 0
08-14 23:29:46.219 E/HWC2    ( 1694): Invalid CT ID. displayId: 0
08-14 23:29:46.227 E/HWC2    ( 1694): Invalid CT ID. displayId: 0
08-14 23:29:46.230 D/BoundBrokerSvc( 4449): onUnbind: Intent { act=com.google.android.gms.libs.gmscorelogger.service.START dat=chimera-action:/... cmp=com.google.android.gms/.chimera.PersistentDirectBootAwareApiService }
08-14 23:29:46.236 E/HWC2    ( 1694): Invalid CT ID. displayId: 0
08-14 23:29:46.244 E/HWC2    ( 1694): Invalid CT ID. displayId: 0
08-14 23:29:46.252 E/HWC2    ( 1694): Invalid CT ID. displayId: 0
08-14 23:29:46.261 E/HWC2    ( 1694): Invalid CT ID. displayId: 0
08-14 23:29:46.269 E/HWC2    ( 1694): Invalid CT ID. displayId: 0
08-14 23:29:46.277 E/HWC2    ( 1694): Invalid CT ID. displayId: 0
08-14 23:29:46.285 E/HWC2    ( 1694): Invalid CT ID. displayId: 0
08-14 23:29:46.289 D/WindowManagerShell( 4822): onKeepClearAreasChanged: restricted={Rect(0, 2096 - 1080, 2350)}, unrestricted={}
08-14 23:29:46.292 I/mtkpower@impl( 1650): [powerd_req] TIMER_MSG_PERF_LOCK_TIMEOUT hdl:279641
08-14 23:29:46.292 I/libPowerHal( 1650): [perfLockRel] hdl:279641, idx:5
08-14 23:29:46.292 I/libPowerHal( 1650): [unsetGPUFreq] current min:0, max:0; scn_gpu_min:0, scn_gpu_max:-1; scn_gpu_min(HL):-1, scn_gpu_max(HL):-1
08-14 23:29:46.292 I/libPowerHal( 1650): [setGPUFreq] Soft min/max = (0, 0); Hard min/max = (36, 0)
08-14 23:29:46.292 I/libPowerHal( 1650): [setGPUFreq] final min/max = (0, 0)
08-14 23:29:46.292 I/libPowerHal( 1650): system_server: set gpu opp level: 0
08-14 23:29:46.293 I/libPowerHal( 1650): system_server: set gpu opp level max: 0
08-14 23:29:46.294 E/HWC2    ( 1694): Invalid CT ID. displayId: 0
08-14 23:29:46.302 E/HWC2    ( 1694): Invalid CT ID. displayId: 0
08-14 23:29:46.310 E/HWC2    ( 1694): Invalid CT ID. displayId: 0
08-14 23:29:46.314 D/StateManager(15363): goToState - fromState: AllApps, toState: Normal, partial trace:
08-14 23:29:46.314 D/StateManager(15363): 	at com.android.launcher3.touch.AbstractStateChangeTouchController.goToTargetState(AbstractStateChangeTouchController.java:450)
08-14 23:29:46.314 D/StateManager(15363): 	at com.android.launcher3.touch.AbstractStateChangeTouchController.onSwipeInteractionCompleted(AbstractStateChangeTouchController.java:440)
08-14 23:29:46.314 D/StateManager(15363): 	at com.android.launcher3.uioverrides.touchcontrollers.PortraitStatesTouchController.onSwipeInteractionCompleted(PortraitStatesTouchController.java:185)
08-14 23:29:46.314 D/StateManager(15363): onStateTransitionStart - state: Normal
08-14 23:29:46.314 D/WindowManagerShell( 4822): setLauncherKeepClearAreaHeight: visible=true, height=193
08-14 23:29:46.314 D/StateManager(15363): onStateTransitionEnd - state: Normal
08-14 23:29:46.315 D/RecentsView(15363): reset - mEnableDrawingLiveTile: false, mRecentsAnimationController: null
08-14 23:29:46.317 D/OverviewActionsView(15363): updateForGroupedTask() called with: isGroupedTask = [false], canSaveAppPair = [false]
08-14 23:29:46.317 D/OverviewActionsView(15363): updateActionButtonsVisibility() called: showSingleTaskActions = [true], showGroupActions = [false]
08-14 23:29:46.319 E/HWC2    ( 1694): Invalid CT ID. displayId: 0
08-14 23:29:46.319 D/WindowManagerShell( 4822): onKeepClearAreasChanged: restricted={Rect(0, 2097 - 1080, 2350)}, unrestricted={}
08-14 23:29:46.327 E/HWC2    ( 1694): Invalid CT ID. displayId: 0
08-14 23:29:46.331 D/BluetoothSystemServer( 4548): BluetoothManagerService: isBluetoothPersistedStateOn: 2
08-14 23:29:46.331 D/BluetoothSystemServer( 4548): BluetoothManagerService: delayModeChangedIfNeeded(onAirplaneModeChanged): state=BLE_ON isAirplaneModeOn()=false isSatelliteModeOn()=false delayed=400ms
08-14 23:29:46.358 I/EnhancedConnectivity( 4548): [DataStallService] isPoorSignal = false
08-14 23:29:46.369 I/libPerfCtl( 1650): xgfGetFPS pid:4822 fps:-1
08-14 23:29:46.369 I/libPerfCtl( 1650): xgfGetFPS pid:15363 fps:117
08-14 23:29:46.369 I/libPowerHal( 1650): [updateFPS] pid(15363) : -1 => 120
08-14 23:29:46.369 I/libPowerHal( 1650): [perfNotifyAppState] pack:com.motorola.launcher3, act:com.android.launcher3.CustomizationPanelLauncher, state:5, pid:15363, uid:10290, fps:120
08-14 23:29:46.370 I/UxUtility( 1650): notifyForegroundApp pack:com.motorola.launcher3, uid:10290
08-14 23:29:46.370 I/TouchUtility( 1650): notifyAppState error = NULL
08-14 23:29:46.449 I/mtkpower@impl( 1650): [powerd_req] TIMER_MSG_PERF_LOCK_TIMEOUT hdl:279640
08-14 23:29:46.449 I/libPowerHal( 1650): [perfLockRel] hdl:279640, idx:4
08-14 23:29:46.450 I/libPowerHal( 1650): [setClusterFreq] system_server: sysfs_freq set cpu freq: -1 1850000 -1 2050000 
08-14 23:29:46.450 I/libPowerHal( 1650): [unsetGPUFreq] current min:0, max:0; scn_gpu_min:0, scn_gpu_max:-1; scn_gpu_min(HL):-1, scn_gpu_max(HL):-1
08-14 23:29:46.450 I/libPowerHal( 1650): system_server: set gpu opp level: 36
08-14 23:29:46.450 I/libPowerHal( 1650): system_server: set gpu opp level max: 0
08-14 23:29:46.450 I/libPowerHal( 1650): [setGPUFreq] Soft min/max = (36, 0); Hard min/max = (36, 0)
08-14 23:29:46.450 I/libPowerHal( 1650): [setGPUFreq] final min/max = (36, 0)
08-14 23:29:46.450 I/libPowerHal( 1650): system_server: set gpu opp level: 36
08-14 23:29:46.450 I/libPowerHal( 1650): system_server: set gpu opp level max: 0
08-14 23:29:46.451 I/libPowerHal( 1650): [PD] system_server update cmd:1404300 param:0
08-14 23:29:46.451 I/libPowerHal( 1650): [PD] system_server update cmd:1408300 param:0
08-14 23:29:46.454 I/libPowerHal( 1650): [PD] system_server update cmd:1000000 param:-1
08-14 23:29:46.649 D/ULogGuard( 1952): Monitoring: 16 threads, 0 requests, 0 time-bombs; 9 guards. ResetFlags = 0x7
08-14 23:29:46.733 D/BluetoothSystemServer( 4548): BluetoothManagerService: isBluetoothPersistedStateOn: 2
08-14 23:29:46.734 D/BluetoothSystemServer( 4548): BluetoothManagerService: delayModeChangedIfNeeded(onAirplaneModeChanged): state=BLE_ON isAirplaneModeOn()=false isSatelliteModeOn()=false delayed=400ms
08-14 23:29:46.788 I/Scheduler( 1694): notifyScrollEvent state=0
08-14 23:29:46.788 I/Scheduler( 1694): applyPolicy: UpdateRefreshRate 120 to 90 of group 0: [touch=1:1 touchBoost=1 scroll=0:0 idle=0:0]
08-14 23:29:46.788 D/DisplayModeController( 1694): setDesiredMode 0 {mode={fps=90.00 Hz, modePtr={id=1, vsyncRate=90.00 Hz, peakRefreshRate=90.00 Hz}}, emitEvent=true, force=false}
08-14 23:29:46.789 D/Scheduler( 1694): MtkOverrideDuration: update vsync 90
08-14 23:29:46.789 D/Scheduler( 1694): MtkOverrideDuration: reset override duration
08-14 23:29:46.789 I/PowerHalWrapper( 1694): updateFps(): 90
08-14 23:29:46.789 I/hwcomposer( 1604): [DRMDEV] (0) failed to waitNextVsync: -1  
08-14 23:29:46.792 I/hwcomposer( 1604): [DRMDEV] (0) failed to waitNextVsync: -1  
08-14 23:29:46.795 I/SurfaceFlinger( 1694): initiateDisplayModeChanges changing active mode from 0(120.00 Hz:0) to 1(90.00 Hz:0) for display 0
08-14 23:29:46.795 I/hwcomposer( 1604): [HWC] (0) displaySetActiveConfig config:1  
08-14 23:29:46.796 I/SurfaceFlinger( 1694): initiateDisplayModeChanges active mode changed to 1(90.00 Hz) for display 0. mBrightnessDimingCnt=0
08-14 23:29:46.796 E/HWC2    ( 1694): Invalid CT ID. displayId: 0
08-14 23:29:46.800 I/hwcomposer( 1604): [DRMDEV] (0) failed to waitNextVsync: -1  
08-14 23:29:46.803 I/BufferQueueProducer( 1694): [FramebufferSurface](this:0xb400007b51f806d0,id:-1,api:1,p:1694,c:1694) queueBuffer: fps=67.56 dur=1213.72 max=473.07 min=6.30
08-14 23:29:46.809 I/hwcomposer( 1604): [DRMDEV] (0) failed to waitNextVsync: -1  
08-14 23:29:46.810 I/hwcomposer( 1604): [HWCDisplay] [Display_0 (type:1)] fps:67.198456,dur:1220.27,max:475.76,min:7.97  
08-14 23:29:46.812 I/PowerHalWrapper( 1694): updateFps(): 90
08-14 23:29:46.813 I/SurfaceFlinger( 1694): initiateDisplayModeChanges changing active mode from 1(90.00 Hz:0) to 1(90.00 Hz:0) for display 0
08-14 23:29:46.813 I/PowerHalWrapper( 1694): updateFps(): 90
08-14 23:29:46.813 E/HWC2    ( 1694): Invalid CT ID. displayId: 0
08-14 23:29:46.814 I/DisplayDeviceRepository( 4548): Display device changed render timings: "Built-in Screen", renderFrameRate=90.0, presentationDeadlineNanos=24777778, appVsyncOffsetNanos=-8000000
08-14 23:29:46.817 D/BrightnessThermalClamper( 4548): Thermal status observer already started
08-14 23:29:46.819 D/AudioSystem( 4548): +setParameters(): screen_state=on 
08-14 23:29:46.821 D/AudioALSAHardware( 4358): +setParameters(): screen_state=on
08-14 23:29:46.821 D/AudioALSAStreamOut( 4358): +setScreenState(), flag 2, mode 1
08-14 23:29:46.821 D/AudioALSAStreamOut( 4358): +setScreenState(), flag 8, mode 1
08-14 23:29:46.821 D/AudioALSAStreamOut( 4358): +setScreenState(), flag 4, mode 1
08-14 23:29:46.821 D/AudioALSAStreamOut( 4358): +setScreenState(), flag 32768, mode 1
08-14 23:29:46.821 D/AudioALSAStreamOut( 4358): +setScreenState(), flag 65536, mode 1
08-14 23:29:46.821 D/AudioALSAHardware( 4358): -setParameters(): screen_state=on
08-14 23:29:46.822 W/BTAudioHw( 4358): adev_set_parameterserror paremeter : : ParamsMap=[key: 'screen_state' value: 'on'
08-14 23:29:46.822 W/BTAudioHw( 4358): ]
08-14 23:29:46.823 D/MCLOG   ( 4500): [BrightnessTrigger] onDisplayChanged displayId = 0
08-14 23:29:46.828 E/HWC2    ( 1694): Invalid CT ID. displayId: 0
08-14 23:29:46.829 D/MCLOG   ( 4500): [BrightnessManager] displayId = 0 brightness = 0.06934309 nit = 37.02222 level = br1
08-14 23:29:46.836 E/HWC2    ( 1694): Invalid CT ID. displayId: 0
08-14 23:29:47.135 D/BluetoothSystemServer( 4548): BluetoothManagerService: isBluetoothPersistedStateOn: 2
08-14 23:29:47.136 D/BluetoothSystemServer( 4548): BluetoothManagerService: delayModeChangedIfNeeded(onAirplaneModeChanged): state=BLE_ON isAirplaneModeOn()=false isSatelliteModeOn()=false delayed=400ms
08-14 23:29:47.185 I/Scheduler( 1694): applyPolicy: UpdateRefreshRate 90 to 120 of group 0: [touch=0:0 touchBoost=0 scroll=0:0 idle=0:0]
08-14 23:29:47.186 D/DisplayModeController( 1694): setDesiredMode 0 {mode={fps=120.00 Hz, modePtr={id=0, vsyncRate=120.00 Hz, peakRefreshRate=120.00 Hz}}, emitEvent=true, force=false}
08-14 23:29:47.188 D/Scheduler( 1694): MtkOverrideDuration: update vsync 120
08-14 23:29:47.188 D/Scheduler( 1694): MtkOverrideDuration: reset override duration
08-14 23:29:47.188 I/hwcomposer( 1604): [DRMDEV] (0) failed to waitNextVsync: -1  
08-14 23:29:47.188 I/PowerHalWrapper( 1694): updateFps(): 120
08-14 23:29:47.193 I/SurfaceFlinger( 1694): initiateDisplayModeChanges changing active mode from 1(90.00 Hz:0) to 0(120.00 Hz:0) for display 0
08-14 23:29:47.194 I/hwcomposer( 1604): [HWC] (0) displaySetActiveConfig config:0  
08-14 23:29:47.194 I/SurfaceFlinger( 1694): initiateDisplayModeChanges active mode changed to 0(120.00 Hz) for display 0. mBrightnessDimingCnt=0
08-14 23:29:47.194 E/HWC2    ( 1694): Invalid CT ID. displayId: 0
08-14 23:29:47.195 I/hwcomposer( 1604): [DRMDEV] (0) failed to waitNextVsync: -1  
08-14 23:29:47.205 I/PowerHalWrapper( 1694): updateFps(): 120
08-14 23:29:47.206 I/SurfaceFlinger( 1694): initiateDisplayModeChanges changing active mode from 0(120.00 Hz:0) to 0(120.00 Hz:0) for display 0
08-14 23:29:47.206 I/PowerHalWrapper( 1694): updateFps(): 120
08-14 23:29:47.206 E/HWC2    ( 1694): Invalid CT ID. displayId: 0
08-14 23:29:47.207 I/DisplayDeviceRepository( 4548): Display device changed render timings: "Built-in Screen", renderFrameRate=120.00001, presentationDeadlineNanos=22000000, appVsyncOffsetNanos=-8000000
08-14 23:29:47.210 D/BrightnessThermalClamper( 4548): Thermal status observer already started
08-14 23:29:47.212 D/MCLOG   ( 4500): [BrightnessTrigger] onDisplayChanged displayId = 0
08-14 23:29:47.212 D/AudioSystem( 4548): +setParameters(): screen_state=on 
08-14 23:29:47.213 D/DisplayManagerService( 4548): Ignore redundant display event 0/2 to 10217/6557
08-14 23:29:47.213 D/DisplayManagerService( 4548): Ignore redundant display event 0/2 to 10264/7624
08-14 23:29:47.217 D/AudioALSAHardware( 4358): +setParameters(): screen_state=on
08-14 23:29:47.217 D/AudioALSAStreamOut( 4358): +setScreenState(), flag 2, mode 1
08-14 23:29:47.217 D/AudioALSAStreamOut( 4358): +setScreenState(), flag 8, mode 1
08-14 23:29:47.217 D/AudioALSAStreamOut( 4358): +setScreenState(), flag 4, mode 1
08-14 23:29:47.217 D/AudioALSAStreamOut( 4358): +setScreenState(), flag 32768, mode 1
08-14 23:29:47.217 D/AudioALSAStreamOut( 4358): +setScreenState(), flag 65536, mode 1
08-14 23:29:47.218 D/AudioALSAHardware( 4358): -setParameters(): screen_state=on
08-14 23:29:47.220 W/BTAudioHw( 4358): adev_set_parameterserror paremeter : : ParamsMap=[key: 'screen_state' value: 'on'
08-14 23:29:47.220 W/BTAudioHw( 4358): ]
08-14 23:29:47.220 D/MCLOG   ( 4500): [BrightnessManager] displayId = 0 brightness = 0.06934309 nit = 37.02222 level = br1
08-14 23:29:47.226 E/HWC2    ( 1694): Invalid CT ID. displayId: 0
08-14 23:29:47.369 I/libPerfCtl( 1650): xgfGetFPS pid:4822 fps:-1
08-14 23:29:47.369 I/libPerfCtl( 1650): xgfGetFPS pid:15363 fps:-1
08-14 23:29:47.369 I/libPowerHal( 1650): [updateFPS] pid(15363) : 120 => -1
08-14 23:29:47.370 I/libPowerHal( 1650): [perfNotifyAppState] pack:com.motorola.launcher3, act:com.android.launcher3.CustomizationPanelLauncher, state:5, pid:15363, uid:10290, fps:-1
08-14 23:29:47.371 I/UxUtility( 1650): notifyForegroundApp pack:com.motorola.launcher3, uid:10290
08-14 23:29:47.371 I/TouchUtility( 1650): notifyAppState error = NULL
08-14 23:29:47.537 D/BluetoothSystemServer( 4548): BluetoothManagerService: isBluetoothPersistedStateOn: 2
08-14 23:29:47.538 D/BluetoothSystemServer( 4548): BluetoothManagerService: delayModeChangedIfNeeded(onAirplaneModeChanged): state=BLE_ON isAirplaneModeOn()=false isSatelliteModeOn()=false delayed=400ms
08-14 23:29:47.720 I/Scheduler( 1694): applyPolicy: UpdateRefreshRate 120 to 30 of group 0: [touch=0:0 touchBoost=0 scroll=0:0 idle=1:1]
08-14 23:29:47.720 D/DisplayModeController( 1694): setDesiredMode 0 {mode={fps=30.00 Hz, modePtr={id=3, vsyncRate=30.00 Hz, peakRefreshRate=30.00 Hz}}, emitEvent=false, force=false}
08-14 23:29:47.721 D/Scheduler( 1694): MtkOverrideDuration: update vsync 30
08-14 23:29:47.722 D/Scheduler( 1694): MtkOverrideDuration: reset override duration
08-14 23:29:47.722 I/PowerHalWrapper( 1694): updateFps(): 30
08-14 23:29:47.722 I/hwcomposer( 1604): [DRMDEV] (0) failed to waitNextVsync: -1  
08-14 23:29:47.727 I/SurfaceFlinger( 1694): initiateDisplayModeChanges changing active mode from 0(120.00 Hz:0) to 3(30.00 Hz:0) for display 0
08-14 23:29:47.727 I/hwcomposer( 1604): [HWC] (0) displaySetActiveConfig config:3  
08-14 23:29:47.728 I/SurfaceFlinger( 1694): initiateDisplayModeChanges active mode changed to 3(30.00 Hz) for display 0. mBrightnessDimingCnt=0
08-14 23:29:47.728 E/HWC2    ( 1694): Invalid CT ID. displayId: 0
08-14 23:29:47.731 I/hwcomposer( 1604): [DRMDEV] (0) failed to waitNextVsync: -1  
08-14 23:29:47.739 I/hwcomposer( 1604): [DRMDEV] (0) failed to waitNextVsync: -1  
08-14 23:29:47.741 I/PowerHalWrapper( 1694): updateFps(): 30
08-14 23:29:47.743 I/SurfaceFlinger( 1694): initiateDisplayModeChanges changing active mode from 3(30.00 Hz:0) to 3(30.00 Hz:0) for display 0
08-14 23:29:47.743 I/PowerHalWrapper( 1694): updateFps(): 30
08-14 23:29:47.743 E/HWC2    ( 1694): Invalid CT ID. displayId: 0
08-14 23:29:47.939 D/BluetoothSystemServer( 4548): BluetoothManagerService: isBluetoothPersistedStateOn: 2
08-14 23:29:47.940 D/BluetoothSystemServer( 4548): BluetoothManagerService: delayModeChangedIfNeeded(onAirplaneModeChanged): state=BLE_ON isAirplaneModeOn()=false isSatelliteModeOn()=false delayed=400ms
08-14 23:29:48.341 D/BluetoothSystemServer( 4548): BluetoothManagerService: isBluetoothPersistedStateOn: 2
08-14 23:29:48.342 D/BluetoothSystemServer( 4548): BluetoothManagerService: delayModeChangedIfNeeded(onAirplaneModeChanged): state=BLE_ON isAirplaneModeOn()=false isSatelliteModeOn()=false delayed=400ms
08-14 23:29:48.371 I/libPerfCtl( 1650): xgfGetFPS pid:4822 fps:-1
08-14 23:29:48.371 I/libPerfCtl( 1650): xgfGetFPS pid:15363 fps:-1
08-14 23:29:48.743 D/BluetoothSystemServer( 4548): BluetoothManagerService: isBluetoothPersistedStateOn: 2
08-14 23:29:48.744 D/BluetoothSystemServer( 4548): BluetoothManagerService: delayModeChangedIfNeeded(onAirplaneModeChanged): state=BLE_ON isAirplaneModeOn()=false isSatelliteModeOn()=false delayed=400ms
08-14 23:29:48.918 D/PowerManagerService( 4548): nativeAcquireSuspendBlocker name:PowerManagerService.WakeLocks duration ms: 1
08-14 23:29:49.126 D/PowerManagerService( 4548): nativeReleaseSuspendBlocker name:PowerManagerService.WakeLocks duration ms: 0
08-14 23:29:49.145 D/BluetoothSystemServer( 4548): BluetoothManagerService: isBluetoothPersistedStateOn: 2
08-14 23:29:49.146 D/BluetoothSystemServer( 4548): BluetoothManagerService: delayModeChangedIfNeeded(onAirplaneModeChanged): state=BLE_ON isAirplaneModeOn()=false isSatelliteModeOn()=false delayed=400ms
08-14 23:29:49.371 I/libPerfCtl( 1650): xgfGetFPS pid:4822 fps:-1
08-14 23:29:49.371 I/libPerfCtl( 1650): xgfGetFPS pid:15363 fps:-1
08-14 23:29:49.548 D/BluetoothSystemServer( 4548): BluetoothManagerService: isBluetoothPersistedStateOn: 2
08-14 23:29:49.549 D/BluetoothSystemServer( 4548): BluetoothManagerService: delayModeChangedIfNeeded(onAirplaneModeChanged): state=BLE_ON isAirplaneModeOn()=false isSatelliteModeOn()=false delayed=400ms
08-14 23:29:49.650 D/ULogGuard( 1952): Monitoring: 16 threads, 0 requests, 0 time-bombs; 9 guards. ResetFlags = 0x7
08-14 23:29:49.950 D/BluetoothSystemServer( 4548): BluetoothManagerService: isBluetoothPersistedStateOn: 2
08-14 23:29:49.951 D/BluetoothSystemServer( 4548): BluetoothManagerService: delayModeChangedIfNeeded(onAirplaneModeChanged): state=BLE_ON isAirplaneModeOn()=false isSatelliteModeOn()=false delayed=400ms
08-14 23:29:50.352 D/BluetoothSystemServer( 4548): BluetoothManagerService: isBluetoothPersistedStateOn: 2
08-14 23:29:50.353 D/BluetoothSystemServer( 4548): BluetoothManagerService: delayModeChangedIfNeeded(onAirplaneModeChanged): state=BLE_ON isAirplaneModeOn()=false isSatelliteModeOn()=false delayed=400ms
08-14 23:29:50.371 I/libPerfCtl( 1650): xgfGetFPS pid:4822 fps:-1
08-14 23:29:50.372 I/libPerfCtl( 1650): xgfGetFPS pid:15363 fps:-1
08-14 23:29:50.756 D/BluetoothSystemServer( 4548): BluetoothManagerService: isBluetoothPersistedStateOn: 2
08-14 23:29:50.757 D/BluetoothSystemServer( 4548): BluetoothManagerService: delayModeChangedIfNeeded(onAirplaneModeChanged): state=BLE_ON isAirplaneModeOn()=false isSatelliteModeOn()=false delayed=400ms
08-14 23:29:51.158 D/BluetoothSystemServer( 4548): BluetoothManagerService: isBluetoothPersistedStateOn: 2
08-14 23:29:51.159 D/BluetoothSystemServer( 4548): BluetoothManagerService: delayModeChangedIfNeeded(onAirplaneModeChanged): state=BLE_ON isAirplaneModeOn()=false isSatelliteModeOn()=false delayed=400ms
08-14 23:29:51.372 I/libPerfCtl( 1650): xgfGetFPS pid:4822 fps:-1
08-14 23:29:51.372 I/libPerfCtl( 1650): xgfGetFPS pid:15363 fps:-1
08-14 23:29:51.490 I/EnhancedConnectivity( 4548): [DataStallService] isPoorSignal = false
08-14 23:29:51.560 D/BluetoothSystemServer( 4548): BluetoothManagerService: isBluetoothPersistedStateOn: 2
08-14 23:29:51.561 D/BluetoothSystemServer( 4548): BluetoothManagerService: delayModeChangedIfNeeded(onAirplaneModeChanged): state=BLE_ON isAirplaneModeOn()=false isSatelliteModeOn()=false delayed=400ms
08-14 23:29:51.768 D/BatteryService( 4548): uevent={POWER_SUPPLY_VOLTAGE_NOW=4250000, POWER_SUPPLY_VBUS_PRESENT=true, POWER_SUPPLY_TYPE=Battery, POWER_SUPPLY_HEALTH=Good, POWER_SUPPLY_TECHNOLOGY=Li-ion, POWER_SUPPLY_CHARGE_FULL_DESIGN=5972000, POWER_SUPPLY_CONSTANT_CHARGE_VOLTAGE=4300, SEQNUM=600486, POWER_SUPPLY_STATUS=Charging, POWER_SUPPLY_CYCLE_COUNT=316, POWER_SUPPLY_CAPACITY=71, DEVPATH=/devices/platform/11b20000.i2c/i2c-5/5-0034/11b20000.i2c:mt6375@34:mtk_gauge/power_supply/battery, POWER_SUPPLY_CHARGE_RATE=Turbo, POWER_SUPPLY_CURRENT_AVG=1932900, POWER_SUPPLY_CAPACITY_LEVEL=Normal, POWER_SUPPLY_CURRENT_NOW=2082700, POWER_SUPPLY_PRESENT=1, POWER_SUPPLY_POWER_WATT=15, POWER_SUPPLY_CHARGE_FULL=6035500, POWER_SUPPLY_TIME_TO_FULL_NOW=3042, SUBSYSTEM=power_supply, POWER_SUPPLY_TEMP=350, ACTION=change, POWER_SUPPLY_AGE=91, POWER_SUPPLY_NAME=battery, POWER_SUPPLY_LPD_PRESENT=false, POWER_SUPPLY_CHARGE_COUNTER=4285205}
08-14 23:29:51.769 D/BatteryService( 4548): uevent={POWER_SUPPLY_VOLTAGE_NOW=4250000, POWER_SUPPLY_VBUS_PRESENT=true, POWER_SUPPLY_TYPE=Battery, POWER_SUPPLY_HEALTH=Good, POWER_SUPPLY_TECHNOLOGY=Li-ion, POWER_SUPPLY_CHARGE_FULL_DESIGN=5972000, POWER_SUPPLY_CONSTANT_CHARGE_VOLTAGE=4300, SEQNUM=600486, POWER_SUPPLY_STATUS=Charging, POWER_SUPPLY_CYCLE_COUNT=316, POWER_SUPPLY_CAPACITY=71, DEVPATH=/devices/platform/11b20000.i2c/i2c-5/5-0034/11b20000.i2c:mt6375@34:mtk_gauge/power_supply/battery, POWER_SUPPLY_CHARGE_RATE=Turbo, POWER_SUPPLY_CURRENT_AVG=1932900, POWER_SUPPLY_CAPACITY_LEVEL=Normal, POWER_SUPPLY_CURRENT_NOW=2082700, POWER_SUPPLY_PRESENT=1, POWER_SUPPLY_POWER_WATT=15, POWER_SUPPLY_CHARGE_FULL=6035500, POWER_SUPPLY_TIME_TO_FULL_NOW=3042, SUBSYSTEM=power_supply, POWER_SUPPLY_TEMP=350, ACTION=change, POWER_SUPPLY_AGE=91, POWER_SUPPLY_NAME=battery, POWER_SUPPLY_LPD_PRESENT=false, POWER_SUPPLY_CHARGE_COUNTER=4285205}
08-14 23:29:51.785 V/UiModeManager( 4548): updateLocked: null action, mDockState=0, category=null
08-14 23:29:51.785 D/UiModeManager( 4548): updateConfigurationLocked: mDockState=0; mCarMode=false; mNightMode=com.android.server.UiModeManagerService$1@f66f8ee; mNightModeCustomType=-1; uiMode=33
08-14 23:29:51.791 D/PowerUI ( 4822): can't show warning due to - plugged: true status unknown: false
08-14 23:29:51.817 D/PowerUI ( 4822): can't show warning due to - plugged: true status unknown: false
08-14 23:29:51.821 V/UiModeManager( 4548): updateLocked: null action, mDockState=0, category=null
08-14 23:29:51.822 D/UiModeManager( 4548): updateConfigurationLocked: mDockState=0; mCarMode=false; mNightMode=com.android.server.UiModeManagerService$1@f66f8ee; mNightModeCustomType=-1; uiMode=33
08-14 23:29:51.962 D/BluetoothSystemServer( 4548): BluetoothManagerService: isBluetoothPersistedStateOn: 2
08-14 23:29:51.963 D/BluetoothSystemServer( 4548): BluetoothManagerService: delayModeChangedIfNeeded(onAirplaneModeChanged): state=BLE_ON isAirplaneModeOn()=false isSatelliteModeOn()=false delayed=400ms
08-14 23:29:52.364 D/BluetoothSystemServer( 4548): BluetoothManagerService: isBluetoothPersistedStateOn: 2
08-14 23:29:52.365 D/BluetoothSystemServer( 4548): BluetoothManagerService: delayModeChangedIfNeeded(onAirplaneModeChanged): state=BLE_ON isAirplaneModeOn()=false isSatelliteModeOn()=false delayed=400ms
08-14 23:29:52.372 I/libPerfCtl( 1650): xgfGetFPS pid:15363 fps:-1
08-14 23:29:52.396 D/ActivityManager( 4548): freezing 8181 com.google.android.apps.turbo, reason = oom_cached
08-14 23:29:52.399 D/ActivityManager( 4548): freezing 2724 com.android.settings, reason = oom_cached
08-14 23:29:52.402 D/ActivityManager( 4548): freezing 6197 com.motorola.coresettingsext, reason = oom_cached
08-14 23:29:52.651 D/ULogGuard( 1952): Monitoring: 16 threads, 0 requests, 0 time-bombs; 9 guards. ResetFlags = 0x7
08-14 23:29:52.766 D/BluetoothSystemServer( 4548): BluetoothManagerService: isBluetoothPersistedStateOn: 2
08-14 23:29:52.767 D/BluetoothSystemServer( 4548): BluetoothManagerService: delayModeChangedIfNeeded(onAirplaneModeChanged): state=BLE_ON isAirplaneModeOn()=false isSatelliteModeOn()=false delayed=400ms
08-14 23:29:53.170 D/BluetoothSystemServer( 4548): BluetoothManagerService: isBluetoothPersistedStateOn: 2
08-14 23:29:53.170 D/BluetoothSystemServer( 4548): BluetoothManagerService: delayModeChangedIfNeeded(onAirplaneModeChanged): state=BLE_ON isAirplaneModeOn()=false isSatelliteModeOn()=false delayed=400ms
08-14 23:29:53.372 I/libPerfCtl( 1650): xgfGetFPS pid:15363 fps:-1
08-14 23:29:53.573 D/BluetoothSystemServer( 4548): BluetoothManagerService: isBluetoothPersistedStateOn: 2
08-14 23:29:53.574 D/BluetoothSystemServer( 4548): BluetoothManagerService: delayModeChangedIfNeeded(onAirplaneModeChanged): state=BLE_ON isAirplaneModeOn()=false isSatelliteModeOn()=false delayed=400ms
08-14 23:29:53.976 D/BluetoothSystemServer( 4548): BluetoothManagerService: isBluetoothPersistedStateOn: 2
08-14 23:29:53.977 D/BluetoothSystemServer( 4548): BluetoothManagerService: delayModeChangedIfNeeded(onAirplaneModeChanged): state=BLE_ON isAirplaneModeOn()=false isSatelliteModeOn()=false delayed=400ms
08-14 23:29:54.155 D/InetDiagMessage( 4548): Destroyed 0 sockets, proto=IPPROTO_TCP, family=AF_INET, states=14
08-14 23:29:54.157 D/InetDiagMessage( 4548): Destroyed 0 sockets, proto=IPPROTO_TCP, family=AF_INET6, states=14
08-14 23:29:54.157 D/InetDiagMessage( 4548): Destroyed live tcp sockets for uids={10221, 10279} in 5ms
08-14 23:29:54.220 D/PowerManagerService( 4548): nativeAcquireSuspendBlocker name:PowerManagerService.WakeLocks duration ms: 1
08-14 23:29:54.373 I/libPerfCtl( 1650): xgfGetFPS pid:15363 fps:-1
08-14 23:29:54.378 D/BluetoothSystemServer( 4548): BluetoothManagerService: isBluetoothPersistedStateOn: 2
08-14 23:29:54.379 D/BluetoothSystemServer( 4548): BluetoothManagerService: delayModeChangedIfNeeded(onAirplaneModeChanged): state=BLE_ON isAirplaneModeOn()=false isSatelliteModeOn()=false delayed=400ms
08-14 23:29:54.461 D/PowerManagerService( 4548): nativeReleaseSuspendBlocker name:PowerManagerService.WakeLocks duration ms: 0
08-14 23:29:54.537 D/PowerManagerService( 4548): nativeAcquireSuspendBlocker name:PowerManagerService.WakeLocks duration ms: 1
08-14 23:29:54.744 D/PowerManagerService( 4548): nativeReleaseSuspendBlocker name:PowerManagerService.WakeLocks duration ms: 0
08-14 23:29:54.780 D/BluetoothSystemServer( 4548): BluetoothManagerService: isBluetoothPersistedStateOn: 2
08-14 23:29:54.780 D/BluetoothSystemServer( 4548): BluetoothManagerService: delayModeChangedIfNeeded(onAirplaneModeChanged): state=BLE_ON isAirplaneModeOn()=false isSatelliteModeOn()=false delayed=400ms
08-14 23:29:55.182 D/BluetoothSystemServer( 4548): BluetoothManagerService: isBluetoothPersistedStateOn: 2
08-14 23:29:55.182 D/BluetoothSystemServer( 4548): BluetoothManagerService: delayModeChangedIfNeeded(onAirplaneModeChanged): state=BLE_ON isAirplaneModeOn()=false isSatelliteModeOn()=false delayed=400ms
08-14 23:29:55.373 I/libPerfCtl( 1650): xgfGetFPS pid:15363 fps:-1
08-14 23:29:55.583 D/BluetoothSystemServer( 4548): BluetoothManagerService: isBluetoothPersistedStateOn: 2
08-14 23:29:55.584 D/BluetoothSystemServer( 4548): BluetoothManagerService: delayModeChangedIfNeeded(onAirplaneModeChanged): state=BLE_ON isAirplaneModeOn()=false isSatelliteModeOn()=false delayed=400ms
08-14 23:29:55.653 D/ULogGuard( 1952): Monitoring: 16 threads, 0 requests, 0 time-bombs; 9 guards. ResetFlags = 0x7
08-14 23:29:55.985 D/BluetoothSystemServer( 4548): BluetoothManagerService: isBluetoothPersistedStateOn: 2
08-14 23:29:55.986 D/BluetoothSystemServer( 4548): BluetoothManagerService: delayModeChangedIfNeeded(onAirplaneModeChanged): state=BLE_ON isAirplaneModeOn()=false isSatelliteModeOn()=false delayed=400ms
08-14 23:29:56.387 D/BluetoothSystemServer( 4548): BluetoothManagerService: isBluetoothPersistedStateOn: 2
08-14 23:29:56.387 D/BluetoothSystemServer( 4548): BluetoothManagerService: delayModeChangedIfNeeded(onAirplaneModeChanged): state=BLE_ON isAirplaneModeOn()=false isSatelliteModeOn()=false delayed=400ms
08-14 23:29:56.788 D/BluetoothSystemServer( 4548): BluetoothManagerService: isBluetoothPersistedStateOn: 2
08-14 23:29:56.789 D/BluetoothSystemServer( 4548): BluetoothManagerService: delayModeChangedIfNeeded(onAirplaneModeChanged): state=BLE_ON isAirplaneModeOn()=false isSatelliteModeOn()=false delayed=400ms
08-14 23:29:57.189 D/BluetoothSystemServer( 4548): BluetoothManagerService: isBluetoothPersistedStateOn: 2
08-14 23:29:57.190 D/BluetoothSystemServer( 4548): BluetoothManagerService: delayModeChangedIfNeeded(onAirplaneModeChanged): state=BLE_ON isAirplaneModeOn()=false isSatelliteModeOn()=false delayed=400ms
08-14 23:29:57.543 I/sound_trigger_hw_default( 4358): control_thread_loop(), 2. VoiceWakeup interrupt status: status = 0, id = 12
08-14 23:29:57.544 I/sound_trigger_hw_default( 4358): control_thread_loop(), event keyword_id = 0
08-14 23:29:57.544 I/sound_trigger_hw_default( 4358): send_event_with_handle
08-14 23:29:57.544 I/sound_trigger_hw_default( 4358): set_mtk_event(), ts.tv_sec = 656322 = 0xa03c2, ts.tv_nsec = 702594503 = 0x29e0bdc7
08-14 23:29:57.544 I/sound_trigger_hw_default( 4358): set_mtk_event(),[payload] ver=1, P25 result=0x5, P2 score=0, P25 score=0, P23 score=0, pcm_sz=0x0
08-14 23:29:57.544 I/sound_trigger_hw_default( 4358): set_mtk_event(), event->common.model = 12, model_context->vendor_id = 71, event = 0xb400007ecd460a00, data_offset = 1096, callback_data = 0xb400007ecd460e48, 1st_lv=0, 2nd_2p3_lv=0, 2nd_lv=0
08-14 23:29:57.555 I/SoundTriggerHelper( 4548): Recognition success
08-14 23:29:57.555 I/SoundTriggerMiddlewareLogging( 4548): RECOGNITION (12, PhraseRecognitionEventSys{phraseRecognitionEvent: PhraseRecognitionEvent{common: RecognitionEvent{status: 0, type: 0, captureAvailable: true, captureDelayMs: 0, capturePreambleMs: 0, triggerInData: true, audioConfig: AudioConfig{base: AudioConfigBase{sampleRate: 16000, channelMask: AudioChannelLayout.layoutMask(1), format: AudioFormatDescription{type: 1, pcm: 1, encoding: }}, offloadInfo: AudioOffloadInfo{base: AudioConfigBase{sampleRate: 0, channelMask: AudioChannelLayout.none(0), format: AudioFormatDescription{type: 0, pcm: 0, encoding: }}, streamType: 0, bitRatePerSecond: 0, durationUs: 0, hasVideo: false, isStreaming: false, bitWidth: 0, offloadBufferSize: 0, usage: 0, encapsulationMode: -1, contentId: 0, syncId: 0}, frameCount: 0}, data: [0, -62, 3, 10, 0, -57, -67, -32, 41, 1, 0, 0, 0, 0, 0, 0, 5, 0, 0, 0, 0, 0, 0, 0], recognitionStillActive: false}, phraseExtras: [PhraseRecognitionExtra{id: 101, recognitionModes: 1, confidenceLevel: 0, levels: [ConfidenceLevel{userId: 0, levelPercent: 0}]}]}, halEventReceivedMillis: 2302185895, token: android.os.Binder@63bcd60}, 88297)
08-14 23:29:57.558 W/ProxyAndroidLoggerBackend( 9390): Too many Flogger logs received before configuration. Dropping old logs.
08-14 23:29:57.559 W/ProxyAndroidLoggerBackend( 9390): Too many Flogger logs received before configuration. Dropping old logs.
08-14 23:29:57.559 W/ProxyAndroidLoggerBackend( 9390): Too many Flogger logs received before configuration. Dropping old logs.
08-14 23:29:57.560 W/ProxyAndroidLoggerBackend( 9390): Too many Flogger logs received before configuration. Dropping old logs.
08-14 23:29:57.561 D/AudioRecord( 9390): set(): 0xb400007d22ac3400, inputSource 1999, sampleRate 16000, format 0x1, channelMask 0x10, frameCount 160000, notificationFrames 0, sessionId 88297, transferType 0, flags 0, attributionSource AttributionSourceState{pid: 9390, uid: 99011, deviceId: 0, packageName: com.google.android.googlequicksearchbox, attributionTag: (null), token: binder:0xb400007d22ad6a60, renouncedPermissions: [], next: []} uid -1, pid -1
08-14 23:29:57.562 E/word_detector_0( 9390): RecordingActivityTracker(): binding to audio service failed, service up?
08-14 23:29:57.564 W/AudioFlinger( 4353): createRecord uid 99011 tried to pass itself off as 1000
08-14 23:29:57.564 W/AudioFlinger( 4353): createRecord uid 99011 pid 9390 tried to pass itself off as pid 0
08-14 23:29:57.566 W/Permission( 4353): The package name(com.google.android.googlequicksearchbox) provided does not correspond to the uid 99011
08-14 23:29:57.567 D/AudioUtilmtk( 4353): checkWhiteList(): Not find packageName com.google.android.googlequicksearchbox in scenarioName RecordScreenOff_Irq 
08-14 23:29:57.575 D/APM_AudioPolicyManager( 4353): [MTK_APM_Input]getInputForAttr() source 1999, sampling rate 16000, format 0x1, channel mask 0x10, session 88297, flags 0 attributes={ Content type: AUDIO_CONTENT_TYPE_UNKNOWN Usage: AUDIO_USAGE_UNKNOWN Source: AUDIO_SOURCE_HOTWORD Flags: 0x800 Tags:  } requested device ID 0
08-14 23:29:57.577 D/AudioALSAStreamManager( 4358): openInputStream(), devices = 0x80000004, format = 0x1, channels = 0x10, sampleRate = 16000, status = 1830, acoustics = 0x0, input_flag 0x0
08-14 23:29:57.578 D/AudioALSAStreamIn( 4358): AudioALSAStreamIn()
08-14 23:29:57.578 D/AudioUtility( 4358): AudioThrottleTimeControl(), mIsOutput = 0, mBytesSum = 0, mThrottleControlStartTime = 0
08-14 23:29:57.578 D/AudioSpeechEnhanceInfo( 4358): IsBesRecTuningEnable()- 0
08-14 23:29:57.578 D/AudioSpeechEnhanceInfo( 4358): IsAPDMNRTuningEnable(), 0
08-14 23:29:57.578 D/AudioALSAStreamIn( 4358): checkOpenStreamSampleRate(), origin sampleRate 16000, kDefaultInputSourceSampleRate 48000.
08-14 23:29:57.578 D/AudioALSAStreamIn( 4358): set() done, devices: 0x80000004, flags: 0, acoustics: 0x0, format: 0x1, sampleRate: 16000/16000, num_channels: 16/1, buffer_size: 640, tempDebugflag: 0
08-14 23:29:57.579 D/AudioALSAStreamIn( 4358): setParameters() InputSource: 0 => 1999, reopen
08-14 23:29:57.579 D/DeviceHAL( 4358): openInputStreamImpl, flags: 0, open_input_stream success, mOpenedStreamsCount 6
08-14 23:29:57.579 D/AudioALSAStreamIn( 4358): updateSinkMetadataV7(),  device:0x0
08-14 23:29:57.587 I/AudioFlinger_Threads( 4353): AudioFlinger's thread 0xb4000078449b74c8 tid=10524 ready to run
08-14 23:29:57.588 D/AudioALSAStreamIn( 4358): standby(), halRequest 0, mDestroy 0, flag 0
08-14 23:29:57.589 D/PowerManagerService( 4548): nativeAcquireSuspendBlocker name:PowerManagerService.WakeLocks duration ms: 1
08-14 23:29:57.590 D/AudioFlinger_Threads( 4353): threadLoop set prio: 3 config event pid 4353 tid 10524
08-14 23:29:57.590 D/AudioFlinger_Threads( 4353): push2RTGroup+, tid 10524
08-14 23:29:57.591 D/BluetoothSystemServer( 4548): BluetoothManagerService: isBluetoothPersistedStateOn: 2
08-14 23:29:57.591 D/BluetoothSystemServer( 4548): BluetoothManagerService: delayModeChangedIfNeeded(onAirplaneModeChanged): state=BLE_ON isAirplaneModeOn()=false isSatelliteModeOn()=false delayed=400ms
08-14 23:29:57.603 D/AudioFlinger_Threads( 4353): createRecordTrack_l, notificationFrameCount 320, maxNotificationFrames 320
08-14 23:29:57.606 E/AudioFlinger_Threads( 4353): push2RTGroup, tid 10524 push to RT group fail!
08-14 23:29:57.606 D/AudioALSAStreamIn( 4358): standby(), halRequest 0, mDestroy 0, flag 0
08-14 23:29:57.610 D/AF::RecordTrack( 4353): RecordTrack, track(0xb40000785f27d500): mId(9998), mFrameCount 160000, mSampleRate 16000, mFormat 1, mChannelCount 1, mTrackCount 9943, thread 0xb4000078449b74c0, sessionId 88297, AudioIn_726, primary-0
08-14 23:29:57.610 I/mtkpower_client( 4353): perf_lock_acq, hdl:0, dur:0, num:2, pid:4353, tid:18161
08-14 23:29:57.611 E/SELinux (  981): avc:  denied  { find } for interface=vendor.mediatek.hardware.mtkpower::IMtkPerf sid=u:r:audioserver:s0 pid=4353 scontext=u:r:audioserver:s0 tcontext=u:object_r:hal_power_hwservice:s0 tclass=hwservice_manager permissive=0
08-14 23:29:57.613 I/mtkpower_client( 4353): Couldn't load power HAL service
08-14 23:29:57.613 E/mtkpower_client( 4353): [getMtkPerfHal] nullptr
08-14 23:29:57.613 D/AudioFlinger( 4353): setThreadAsVip, set thread:10523 from normal to VIP successfully, hidl is 0.
08-14 23:29:57.615 D/AudioRecord( 9390): openRecord_l: 0xb400007d22ac3400, mCblk = 0x7d15d7f000
08-14 23:29:57.617 W/ProxyAndroidLoggerBackend( 9390): Too many Flogger logs received before configuration. Dropping old logs.
08-14 23:29:57.618 W/ProxyAndroidLoggerBackend( 9390): Too many Flogger logs received before configuration. Dropping old logs.
08-14 23:29:57.619 I/native  ( 9390): I0000 00:00:1786730397.618484   15435 soda_client.cc:385] Starting capture.
08-14 23:29:57.620 I/native  ( 9390): I0000 00:00:1786730397.620108   15435 soda_async_impl.cc:652] SODA session starting (require_hotword:1, hotword_timeout_in_millis:3000, trigger_type:TRIGGER_TYPE_UNSPECIFIED, hybrid_asr_config.mode:MODE_DEFAULT)
08-14 23:29:57.620 I/native  ( 9390): I0000 00:00:1786730397.620455   15435 hotword_processor.cc:504] Updated hotword timeout: 3000
08-14 23:29:57.620 W/ProxyAndroidLoggerBackend( 9390): Too many Flogger logs received before configuration. Dropping old logs.
08-14 23:29:57.621 D/AudioRecord( 9390): start(20730): 0xb400007d22ac3400, sync event 0 trigger session 0
08-14 23:29:57.621 D/AudioRecord( 9390): ##MotoSecure##, value read : 0
08-14 23:29:57.621 D/AudioFlinger_Threads( 4353): RecordThread::start event 0, triggerSession 0
08-14 23:29:57.624 W/ProxyAndroidLoggerBackend( 9390): Too many Flogger logs received before configuration. Dropping old logs.
08-14 23:29:57.626 D/APM_AudioPolicyManager( 4353): Audio startInput portId 20730
08-14 23:29:57.627 I/APM_AudioPolicyManager( 4353): [MTK_APM_Input] Audio startInput input=1830 portId=20730 source=1999 session=88297 flags=0x0)
08-14 23:29:57.630 D/AudioFlinger_Threads( 4353): threadLoop set prio: 3 config event pid 4353 tid 10524
08-14 23:29:57.631 D/AudioALSAHardware( 4358): +createAudioPatch() num_sources [1] , num_sinks [1], handle [0x0], current mAudioHalPatchVector size 5
08-14 23:29:57.631 D/AudioALSAStreamManager( 4358): +setParameters(), IOport = 1830, keyValuePairs = input_source=1999;routing=-2147483644
08-14 23:29:57.631 D/AudioALSAStreamManager( 4358): +routingInputDevice(), input_device: 0x80000004 => 0x80000004
08-14 23:29:57.631 W/AudioALSAStreamManager( 4358): -routingInputDevice(), input_device(0x80000004) is AUDIO_DEVICE_NONE(0x0) or current_input_device(0x80000004), return
08-14 23:29:57.631 D/AudioALSAHardware( 4358): -createAudioPatch() num_sources [1] , num_sinks [1], handle [0x4257]
08-14 23:29:57.632 D/audioserver( 4353): logFgsApiEnd: FGS Logger Transaction failed, -129
08-14 23:29:57.632 D/audioserver( 4353): logFgsApiBegin: FGS Logger Transaction failed, -129
08-14 23:29:57.633 D/AudioFlinger_Threads( 4353): push2RTGroup+, tid 10524
08-14 23:29:57.648 E/AudioFlinger_Threads( 4353): push2RTGroup, tid 10524 push to RT group fail!
08-14 23:29:57.652 D/AudioALSAStreamIn( 4358): updateSinkMetadataV7(),  device:0x0
08-14 23:29:57.652 D/AudioFlinger::PatchCommandThread( 4353): createAudioPatch handle 136300 mHalHandle 16983 num sinks 1 device sink 00000726
08-14 23:29:57.653 D/APM_AudioPolicyManager( 4353): setInputDevice() AF::createAudioPatch returned 0 patchHandle 136300 num_sources 1 num_sinks 1
08-14 23:29:57.656 W/AudioPolicyClientImpl( 4353): setSoundTriggerCaptureState active 1
08-14 23:29:57.657 D/audioserver( 4353): logFgsApiBegin: FGS Logger Transaction failed, -129
08-14 23:29:57.659 W/StreamHAL( 4358): Error from HAL stream in function set_microphone_direction: Function not implemented
08-14 23:29:57.660 D/AudioALSAStreamIn( 4358): open(), flag 0x0
08-14 23:29:57.660 D/AudioALSAStreamManager( 4358): +createCaptureHandler(), mAudioMode = 0, input_source = 1999, input_device = 0x80000004, mBypassDualMICProcessUL=0, rate=16000, flag=0x0
08-14 23:29:57.660 D/AudioALSAStreamManager( 4358): hasNonVowCaptureHandler_l(), ret = 0
08-14 23:29:57.660 D/AudioALSAVoiceWakeUpController( 4358): +SeamlessRecordEnable()
08-14 23:29:57.661 W/StreamHAL( 4358): Error from HAL stream in function set_microphone_field_dimension: Function not implemented
08-14 23:29:57.661 D/AudioALSACaptureHandlerVOW( 4358): +open(), input_device = 0x80000004, input_source = 0x7cf
08-14 23:29:57.661 D/AudioALSACaptureDataClient( 4358): AudioALSACaptureDataClient()
08-14 23:29:57.661 D/AudioSPELayer( 4358): SPELayer+
08-14 23:29:57.661 D/AudioSPELayer( 4358): GetVoIPJitterTime JitterTime=0,ret=1
08-14 23:29:57.662 D/AudioSPELayer( 4358): SPELayer-
08-14 23:29:57.662 D/AudioMTKGainController( 4358): +SetCaptureGain(), mode=0, source=1999, input device=0x80000004, output device=0x2
08-14 23:29:57.662 D/AudioALSACaptureDataClient( 4358): AudioALSACaptureDataClient(), besrecord_enable=0, besrecord_scene=-1
08-14 23:29:57.662 D/AudioRecord( 9390): start(20730): return status 0
08-14 23:29:57.662 D/AudioALSACaptureDataClient( 4358): CheckBesRecordStereoModeEnable(), set the mBesRecordStereoMode = true
08-14 23:29:57.662 D/AudioALSACaptureDataClient( 4358): CheckBesRecordStereoModeEnable(), mBesRecordStereoMode = 1
08-14 23:29:57.662 D/AudioALSACaptureDataProviderBase( 4358): configStreamAttribute(), audio_mode: 0 => 0, input_device: 0x80000004 => 0x80000004, flag: 0x0 => 0x0, input_source: 1999->1999, output_device: 0x2 => 0x2, sample_rate: 16000 => 16000, period_us: 0 => 0, DSP out sample_rate: 16000 => 16000
08-14 23:29:57.662 D/AudioALSACaptureDataProviderBase( 4358): attach(), 0xb400007ecd439400, mCaptureDataClientVector.size()=0, Identity=0xb400007ecd434700, mCaptureDataProviderType = 13
08-14 23:29:57.662 D/AudioALSACaptureDataProviderVOW( 4358): open()+
08-14 23:29:57.663 W/ProxyAndroidLoggerBackend( 9390): Too many Flogger logs received before configuration. Dropping old logs.
08-14 23:29:57.663 D/AudioALSACaptureDataClient( 4358): IsLowLatencyCapture(), low_latency_on: 0, voip_on: 0
08-14 23:29:57.663 D/AudioALSACaptureDataProviderVOW( 4358): +readThread(), pid: 4358, tid: 10528, kReadBufferSize = 12e80
08-14 23:29:57.663 D/AudioALSACaptureDataProviderVOW( 4358): readThread(), vow_info = 12970367471436668376, addr = 543825431920, size = 77440
08-14 23:29:57.663 D/AudioSystem( 9390): +setParameters(): MAGT-Process=9390;MAGT-AudioThread=15437 
08-14 23:29:57.663 E/ServiceUtilities( 4353): Request requires android.permission.MODIFY_AUDIO_SETTINGS
08-14 23:29:57.664 D/AudioALSACaptureDataProviderVOW( 4358): open()-
08-14 23:29:57.664 D/AudioSPELayer( 4358): SetUPLinkDropTime, 0
08-14 23:29:57.664 D/AudioALSACaptureDataClient( 4358): CheckChannelRemixOp(), ch 1->1 (mBesRecordStereoMode = 1, BesRecord enable = 0), ChannelRemixOp = 0
08-14 23:29:57.664 D/AudioALSAStreamIn( 4358): open(), Set RawStartFrameCount = 0
08-14 23:29:57.664 D/AudioALSAStreamIn( 4358): openWavDump(), mDumpFile is NULL
08-14 23:29:57.676 E/AudioALSACaptureDataClient( 4358): copyCaptureDataToClient(), mProcessedDataBuf <= mSrcDataBuf, freeSpace(4600) < dataSize(8320), buffer overflow!!
08-14 23:29:57.676 W/ProxyAndroidLoggerBackend( 9390): Too many Flogger logs received before configuration. Dropping old logs.
08-14 23:29:57.677 E/AudioALSACaptureDataClient( 4358): copyCaptureDataToClient(), mProcessedDataBuf <= mSrcDataBuf, freeSpace(1280) < dataSize(12040), buffer overflow!!
08-14 23:29:57.677 E/AudioALSACaptureDataClient( 4358): copyCaptureDataToClient(), mProcessedDataBuf <= mSrcDataBuf, freeSpace(1280) < dataSize(19080), buffer overflow!!
08-14 23:29:57.678 E/AudioALSACaptureDataClient( 4358): copyCaptureDataToClient(), mProcessedDataBuf <= mSrcDataBuf, freeSpace(1280) < dataSize(26120), buffer overflow!!
08-14 23:29:57.679 W/AudioALSACaptureDataClient( 4358): copyCaptureDataToClient(), num_free_space(7920) < kNumRawData(8320)
08-14 23:29:57.679 I/AudioService.RecordingActivityMonitor( 4548): rec start riid:-1 uid:99011 session:88297 src:HOTWORD not silenced pack:
08-14 23:29:57.679 E/AudioALSACaptureDataClient( 4358): copyCaptureDataToClient(), mProcessedDataBuf <= mSrcDataBuf, freeSpace(1920) < dataSize(32760), buffer overflow!!
08-14 23:29:57.679 I/native  ( 9390): I0000 00:00:1786730397.679719    9418 soda_async_impl.cc:1394] SODA received first mic audio buffer, size in bytes: 320, format: 1, channels: 1, sample rate: 16000
08-14 23:29:57.752 W/AudioALSACaptureDataClient( 4358): copyCaptureDataToClient(), num_free_space(1920) < kNumRawData(2960)
08-14 23:29:57.992 D/BluetoothSystemServer( 4548): BluetoothManagerService: isBluetoothPersistedStateOn: 2
08-14 23:29:57.993 D/BluetoothSystemServer( 4548): BluetoothManagerService: delayModeChangedIfNeeded(onAirplaneModeChanged): state=BLE_ON isAirplaneModeOn()=false isSatelliteModeOn()=false delayed=400ms
08-14 23:29:58.156 I/native  ( 9390): I0000 00:00:1786730398.155864    9418 soda_async_impl.cc:1150] Not receiving any loopback audio in 500ms. Last audio received time: 1970-01-01T05:30:00+05:30, Current time: 2026-08-14T23:29:58.155861952+05:30
08-14 23:29:58.395 D/BluetoothSystemServer( 4548): BluetoothManagerService: isBluetoothPersistedStateOn: 2
08-14 23:29:58.395 D/BluetoothSystemServer( 4548): BluetoothManagerService: delayModeChangedIfNeeded(onAirplaneModeChanged): state=BLE_ON isAirplaneModeOn()=false isSatelliteModeOn()=false delayed=400ms
08-14 23:29:58.400 I/native  ( 9390): I0000 00:00:1786730398.400789    9418 hotword_processor.cc:848] Hotword has timed out.
08-14 23:29:58.402 I/native  ( 9390): I0000 00:00:1786730398.402623    9418 soda_impl.cc:1990] Adding hotword timeout event
08-14 23:29:58.403 I/native  ( 9390): I0000 00:00:1786730398.403294    9418 soda_async_impl.cc:1034] SODA stopped processing audio, mics audio processed in millis: 3000, loopback audio processed in millis: 0
08-14 23:29:58.404 I/native  ( 9390): I0000 00:00:1786730398.404145    9418 soda_async_impl.cc:1046] Audio readers are stopped.
08-14 23:29:58.404 W/ProxyAndroidLoggerBackend( 9390): Too many Flogger logs received before configuration. Dropping old logs.
08-14 23:29:58.404 W/ProxyAndroidLoggerBackend( 9390): Too many Flogger logs received before configuration. Dropping old logs.
08-14 23:29:58.405 W/ProxyAndroidLoggerBackend( 9390): Too many Flogger logs received before configuration. Dropping old logs.
08-14 23:29:58.405 W/ProxyAndroidLoggerBackend( 9390): Too many Flogger logs received before configuration. Dropping old logs.
08-14 23:29:58.405 D/AudioRecord( 9390): stop(20730): 0xb400007d22ac3400, mActive: 1
08-14 23:29:58.405 D/AudioTrackShared( 9390): this(0xb400007d22977380), mCblk(0x7d15d7f000), front(48960), mIsOut 0, interrupt() FUTEX_WAKE
08-14 23:29:58.405 I/native  ( 9390): I0000 00:00:1786730398.405640    9418 soda_async_impl.cc:1524] Ending ASR due to process sync signal.
08-14 23:29:58.407 I/native  ( 9390): I0000 00:00:1786730398.407057    9418 soda_async_impl.cc:1109] SODA session stopped due to: HOTWORD_TIMEOUT
08-14 23:29:58.407 W/ProxyAndroidLoggerBackend( 9390): Too many Flogger logs received before configuration. Dropping old logs.
08-14 23:29:58.477 D/audioserver( 4353): logFgsApiEnd: FGS Logger Transaction failed, -129
08-14 23:29:58.478 D/AudioALSAStreamIn( 4358): updateSinkMetadataV7(), sink_metadata->tracks  NULL!
08-14 23:29:58.478 D/AudioALSAStreamIn( 4358): standby(), halRequest 0, mDestroy 0, flag 0
08-14 23:29:58.479 D/AudioALSAStreamIn( 4358): close()
08-14 23:29:58.479 D/AudioALSAStreamIn( 4358): updateStandByFrameCount(), update the mStandbyFrameCount = 0-> 0
08-14 23:29:58.479 D/AudioALSACaptureHandlerVOW( 4358): +close()
08-14 23:29:58.479 D/AudioALSACaptureDataClient( 4358): ~AudioALSACaptureDataClient()
08-14 23:29:58.479 D/AudioALSACaptureDataClient( 4358): IsLowLatencyCapture(), low_latency_on: 0, voip_on: 0
08-14 23:29:58.479 D/AudioALSACaptureDataProviderBase( 4358): detach(), 0xb400007ecd439400, mCaptureDataClientVector.size()=1, Identity=0xb400007ecd434700
08-14 23:29:58.479 D/AudioALSACaptureDataProviderVOW( 4358): close()+
08-14 23:29:58.481 D/AudioALSACaptureDataProviderVOW( 4358): -readThread(), pid: 4358, tid: 10528
08-14 23:29:58.481 D/AudioALSACaptureDataProviderVOW( 4358): pthread_join hReadThread done
08-14 23:29:58.482 D/AudioALSACaptureDataProviderVOW( 4358): close()-
08-14 23:29:58.482 D/AudioALSACaptureDataClient( 4358): +StopBesRecord()
08-14 23:29:58.482 D/AudioSPELayer( 4358): Stop
08-14 23:29:58.482 D/AudioSPELayer( 4358): not start before
08-14 23:29:58.482 D/AudioALSACaptureDataClient( 4358): -StopBesRecord()
08-14 23:29:58.482 D/AudioSPELayer( 4358): ~SPELayer+
08-14 23:29:58.482 D/AudioSPELayer( 4358): Clear
08-14 23:29:58.482 D/AudioSPELayer( 4358): ~Clear
08-14 23:29:58.482 D/AudioSPELayer( 4358): FlushBufferQ+
08-14 23:29:58.482 D/AudioSPELayer( 4358): FlushBufferQ mULOutBufferQ size=0,mULInBufferQ.size=0,mDLOutBufferQ.size()=0,mDLInBufferQ.size()=0,mDLDelayBufferQ.size()=0
08-14 23:29:58.482 D/AudioSPELayer( 4358): FlushBufferQ-
08-14 23:29:58.484 D/AudioSPELayer( 4358): ~SPELayer-
08-14 23:29:58.484 D/AudioALSACaptureDataClient( 4358): -~AudioALSACaptureDataClient()
08-14 23:29:58.484 D/AudioALSAStreamIn( 4358): closeWavDump()
08-14 23:29:58.484 D/AudioALSAStreamManager( 4358): hasNonVowCaptureHandler_l(), ret = 0
08-14 23:29:58.484 D/AudioALSAStreamManager( 4358): getVoiceWakeUpNeedOn(), mVoiceWakeUpNeedOn = 1
08-14 23:29:58.484 D/AudioALSAStreamManager( 4358): destroyCaptureHandler(), resume voice wake up
08-14 23:29:58.484 D/AudioALSAStreamManager( 4358): setVoiceWakeUpEnable_l(), enable = 1
08-14 23:29:58.484 D/AudioALSAStreamManager( 4358): hasNonVowCaptureHandler_l(), ret = 0
08-14 23:29:58.484 D/AudioUtility( 4358): power_hal_hint - custPowerHint 44, data 0
08-14 23:29:58.487 E/AppOps  ( 4548): Bad call made by uid 1041. Package "com.google.android.googlequicksearchbox" does not belong to uid 99011.
08-14 23:29:58.489 E/AppOps  ( 4548): Cannot finishOperation
08-14 23:29:58.489 E/AppOps  ( 4548): java.lang.SecurityException: Specified package "com.google.android.googlequicksearchbox" under uid 99011 but it is not
08-14 23:29:58.489 E/AppOps  ( 4548): 	at com.android.server.appop.AppOpsService.verifyAndGetBypass(AppOpsService.java:5087)
08-14 23:29:58.489 E/AppOps  ( 4548): 	at com.android.server.appop.AppOpsService.verifyAndGetBypass(AppOpsService.java:4943)
08-14 23:29:58.489 E/AppOps  ( 4548): 	at com.android.server.appop.AppOpsService.verifyAndGetBypass(AppOpsService.java:4933)
08-14 23:29:58.489 E/AppOps  ( 4548): 	at com.android.server.appop.AppOpsService.checkReport(AppOpsService.java:4299)
08-14 23:29:58.489 E/AppOps  ( 4548): 	at com.android.server.appop.AppOpsService.finishOperation(AppOpsService.java:4289)
08-14 23:29:58.489 E/AppOps  ( 4548): 	at com.android.server.appop.AppOpsService.finishOperation(AppOpsService.java:4278)
08-14 23:29:58.489 E/AppOps  ( 4548): 	at android.app.AppOpsManager.finishOp(AppOpsManager.java:9858)
08-14 23:29:58.489 E/AppOps  ( 4548): 	at android.app.AppOpsManager.finishOp(AppOpsManager.java:9839)
08-14 23:29:58.489 E/AppOps  ( 4548): 	at com.android.server.pm.permission.PermissionManagerService$PermissionCheckerService.finishDataDelivery(PermissionManagerService.java:1080)
08-14 23:29:58.489 E/AppOps  ( 4548): 	at com.android.server.pm.permission.PermissionManagerService$PermissionCheckerService.finishDataDelivery(PermissionManagerService.java:1033)
08-14 23:29:58.489 E/AppOps  ( 4548): 	at android.permission.IPermissionChecker$Stub.onTransact(IPermissionChecker.java:99)
08-14 23:29:58.489 E/AppOps  ( 4548): 	at android.os.Binder.execTransactInternal(Binder.java:1520)
08-14 23:29:58.489 E/AppOps  ( 4548): 	at android.os.Binder.execTransact(Binder.java:1453)
08-14 23:29:58.490 D/APM_AudioPolicyManager( 4353): Audio stopInput portId 20730
08-14 23:29:58.490 D/APM_AudioPolicyManager( 4353): [MTK_APM_Input] Audio stopInput input 1830 portId 20730 old_source 1999
08-14 23:29:58.492 D/PowerManagerService( 4548): nativeReleaseSuspendBlocker name:PowerManagerService.WakeLocks duration ms: 0
08-14 23:29:58.493 I/AudioService.RecordingActivityMonitor( 4548): rec stop riid:-1 uid:99011 session:88297 src:HOTWORD not silenced pack:
08-14 23:29:58.495 D/AudioFlinger_Threads( 4353): threadLoop set prio: 3 config event pid 4353 tid 10524
08-14 23:29:58.496 D/AudioALSAHardware( 4358): +releaseAudioPatch() handle [0x4257] current mAudioHalPatchVector size 6
08-14 23:29:58.496 D/AudioALSAHardware( 4358): releaseAudioPatch() releaseAudioPatch 0x80000004->Mixer, handle 16983
08-14 23:29:58.496 D/AudioALSAStreamManager( 4358): +setParameters(), IOport = 1830, keyValuePairs = routing=0
08-14 23:29:58.496 D/AudioALSAStreamManager( 4358): +routingInputDevice(), input_device: 0x80000004 => 0x0
08-14 23:29:58.496 W/AudioALSAStreamManager( 4358): -routingInputDevice(), input_device(0x0) is AUDIO_DEVICE_NONE(0x0) or current_input_device(0x80000004), return
08-14 23:29:58.496 D/AudioALSAHardware( 4358): releaseAudioPatch() remove handle [4257] OK, current mAudioHalPatchVector size 5
08-14 23:29:58.496 D/AudioALSAHardware( 4358): -releaseAudioPatch() handle [0x4257] status [0],current mAudioHalPatchVector size 5
08-14 23:29:58.497 D/AudioFlinger_Threads( 4353): push2RTGroup+, tid 10524
08-14 23:29:58.498 D/PowerManagerService( 4548): nativeAcquireSuspendBlocker name:PowerManagerService.WakeLocks duration ms: 2
08-14 23:29:58.513 E/AudioFlinger_Threads( 4353): push2RTGroup, tid 10524 push to RT group fail!
08-14 23:29:58.514 D/AudioFlinger::PatchCommandThread( 4353): releaseAudioPatch
08-14 23:29:58.515 D/PowerManagerService( 4548): nativeReleaseSuspendBlocker name:PowerManagerService.WakeLocks duration ms: 0
08-14 23:29:58.518 W/AudioPolicyClientImpl( 4353): setSoundTriggerCaptureState active 0
08-14 23:29:58.519 I/SoundTriggerMiddlewareLogging( 4548): RESOURCES_AVAILABLE ()
08-14 23:29:58.520 I/SoundTriggerMiddlewareLogging( 4548): RESOURCES_AVAILABLE ()
08-14 23:29:58.520 D/AudioRecord( 9390): stop(20730) done
08-14 23:29:58.521 D/AudioRecord( 9390): stop(20730): 0xb400007d22ac3400, mActive: 0
08-14 23:29:58.521 D/AudioRecord( 9390): ~AudioRecord(20730): mStatus 0
08-14 23:29:58.522 D/AudioRecord( 9390): stop(20730): 0xb400007d22ac3400, mActive: 0
08-14 23:29:58.522 D/AudioTrackShared( 9390): this(0xb400007d22977380), mCblk(0x7d15d7f000), front(48960), mIsOut 0, interrupt() FUTEX_WAKE
08-14 23:29:58.524 W/mediametrics::Item( 9390): selfrecord: failed to record: {audiorecord, (01-01 05:30:00.000), (, -1, -1), (android.media.audiorecord.attributes={ Content type: AUDIO_CONTENT_TYPE_UNKNOWN Usage: AUDIO_USAGE_UNKNOWN Source: AUDIO_SOURCE_HOTWORD Flags: 0x800 Tags:  }, android.media.audiorecord.channelMask=16, android.media.audiorecord.channels=1, android.media.audiorecord.durationMs=8.573553e+02, android.media.audiorecord.encoding=AUDIO_FORMAT_PCM_16_BIT, android.media.audiorecord.frameCount=160000, android.media.audiorecord.latency=10000, android.media.audiorecord.logSessionId=, android.media.audiorecord.portId=20730, android.media.audiorecord.samplerate=16000, android.media.audiorecord.source=AUDIO_SOURCE_HOTWORD, android.media.audiorecord.startCount=1)}
08-14 23:29:58.524 W/ProxyAndroidLoggerBackend( 9390): Too many Flogger logs received before configuration. Dropping old logs.
08-14 23:29:58.525 W/ProxyAndroidLoggerBackend( 9390): Too many Flogger logs received before configuration. Dropping old logs.
08-14 23:29:58.526 W/ProxyAndroidLoggerBackend( 9390): Too many Flogger logs received before configuration. Dropping old logs.
08-14 23:29:58.527 W/ProxyAndroidLoggerBackend( 9390): Too many Flogger logs received before configuration. Dropping old logs.
08-14 23:29:58.528 W/ProxyAndroidLoggerBackend( 9390): Too many Flogger logs received before configuration. Dropping old logs.
08-14 23:29:58.528 W/ProxyAndroidLoggerBackend( 9390): Too many Flogger logs received before configuration. Dropping old logs.
08-14 23:29:58.528 W/ProxyAndroidLoggerBackend( 9390): Too many Flogger logs received before configuration. Dropping old logs.
08-14 23:29:58.529 W/ProxyAndroidLoggerBackend( 9390): Too many Flogger logs received before configuration. Dropping old logs.
08-14 23:29:58.528 I/AlwaysOnHotwordDetector( 9315): onRejected
08-14 23:29:58.531 I/AlwaysOnHotwordDetector( 9315): handle message 6
08-14 23:29:58.532 I/erth    ( 9315): HDM. #onRejected
08-14 23:29:58.535 I/erth    ( 9315): HDM. Hotword timeout.
08-14 23:29:58.536 I/eruh    ( 9315): (REDACTED) Hotword score : %f, Hotword model id : %s.
08-14 23:29:58.536 I/eruh    ( 9315): (REDACTED) Timeout reason %s, Coarse channel index %d.
08-14 23:29:58.538 I/erun    ( 9315): onHotwordRejected called
08-14 23:29:58.539 I/erun    ( 9315): (REDACTED) This is hotwordRejectionEventTimestamp: %s
08-14 23:29:58.539 I/erkv    ( 9315): (REDACTED) HDM. Inside Sequencer. Try to start recognition again after %s
08-14 23:29:58.540 I/erkp    ( 9315): (REDACTED) HDM. getAllConfigAndTakeAction called because of %s
08-14 23:29:58.540 I/erlu    ( 9315): (REDACTED) Operational mode passed in HotwordConfig is %s
08-14 23:29:58.542 I/erkv    ( 9315): (REDACTED) HDM. #onSodaStop received %s
08-14 23:29:58.543 I/erth    ( 9315): (REDACTED) HDM. DSP hotword running %s
08-14 23:29:58.545 I/erkv    ( 9315): (REDACTED) HDM. #onSodaStop inside sequentialExecutor %s
08-14 23:29:58.545 D/APM_AudioPolicyManager( 4353): releaseInput portId 20730
08-14 23:29:58.545 D/APM_AudioPolicyManager( 4353): [MTK_APM_Input]releaseInput input 1830 portId 20730
08-14 23:29:58.545 D/APM_AudioPolicyManager( 4353): closeInput(1830)
08-14 23:29:58.545 D/APM_AudioPolicyManager( 4353): closeInput input 1830
08-14 23:29:58.546 I/ernn    ( 9315): (REDACTED) No need to try to get the fallback locale. for keyphrase %s, locale %s
08-14 23:29:58.547 W/erkp    ( 9315): (REDACTED) HDM. %s. Completer is null; It could be set earlier or we ware not waiting for the disconnect signal.
08-14 23:29:58.547 I/ernt    ( 9315): (REDACTED) #getDspAvailableResult locale : %s, dsp locale : %s, keyphrase : %s, DSP keyphrase : %s, isKeyphraseAndLocaleSupported : %b, canUseDownloadDspModel : %b. forceUniversalDspHotwordModel : %b
08-14 23:29:58.547 W/KeyphraseEnrollmentInfo( 9315): No enrollment application supports the given keyphrase/locale: 'Y Google'/hi_IN
08-14 23:29:58.548 I/ernt    ( 9315): (REDACTED) isDspHotwordSupportedByPlatform = %s, isDspHotwordModelAvailable = %s
08-14 23:29:58.548 I/ebzh    ( 9315): (REDACTED) HDM event received: %s
08-14 23:29:58.548 I/erkp    ( 9315): (REDACTED) HDM. getAllConfigAndTakeAction dspAvailable: %b, disableDspInTest: %b
08-14 23:29:58.549 I/eriq    ( 9315): (REDACTED) HDM. hotword enrollment state is enrolled:  %s, speakerId model exist: %s.
08-14 23:29:58.550 I/ebvl    ( 9315): (REDACTED) Platform configuration for connection(%s) has changed(@%s):%s
08-14 23:29:58.551 I/ebtn    ( 9315): (REDACTED) On platform configuration update(@%s) in connection(%s).
08-14 23:29:58.551 I/eriq    ( 9315): (REDACTED) HDM. Hotword enrollment state : %s.
08-14 23:29:58.552 I/erkp    ( 9315): HDM. Registering for screen on/off intent ...
08-14 23:29:58.552 I/eriq    ( 9315): (REDACTED) HDM. Hotword enrollment state : %s.
08-14 23:29:58.553 I/ajdj    ( 9315): (REDACTED) On platform configuration update(%s).
08-14 23:29:58.553 I/ajcr    ( 9315): Received ConfigurationUpdate from Triggering API
08-14 23:29:58.556 D/AudioFlinger_Threads( 4353): threadLoop set prio: 3 config event pid 4353 tid 10524
08-14 23:29:58.556 D/AudioFlinger_Threads( 4353): push2RTGroup+, tid 10524
08-14 23:29:58.559 D/ActivityManager( 4548): unfreezing ProcessRecord{b37bd77 22225:com.google.android.googlequicksearchbox:search/u0a231}, reason = unfreezeTemporarily, adj = 925, adjType = cch-empty, adjSource = null
08-14 23:29:58.560 D/PowerManagerService( 4548): nativeAcquireSuspendBlocker name:PowerManagerService.WakeLocks duration ms: 2
08-14 23:29:58.565 D/ActivityManager( 4548): sync unfroze 22225 com.google.android.googlequicksearchbox:search for 27
08-14 23:29:58.571 I/erlu    ( 9315): (REDACTED) Operational mode passed in HotwordConfig is %s
08-14 23:29:58.572 I/eriq    ( 9315): (REDACTED) HDM. Hotword enrollment state : %s.
08-14 23:29:58.572 I/erlm    ( 9315): (REDACTED) HDM. DefaultPersonalDecisionMaker#getNextAction. Voice match enabled: %b. incomplete enrollment state: %b, screen on: %b, screen locked: %b dsp available: %b
08-14 23:29:58.572 I/erlw    ( 9315): (REDACTED) HDM. SharedDecisionMaker#getNextAction for requester %s, mode %s 
08-14 23:29:58.572 D/WM-WorkConstraintsTrack(22225): NetworkRequestConstraintController onCapabilitiesChanged callback
08-14 23:29:58.573 I/erlw    ( 9315): HDM. #SharedDecisionMaker. NextAction.START
08-14 23:29:58.578 E/AudioFlinger_Threads( 4353): push2RTGroup, tid 10524 push to RT group fail!
08-14 23:29:58.578 D/DeviceHAL( 4358): closeInputStream mOpenedStreamsCount 6
08-14 23:29:58.579 D/AudioALSAStreamManager( 4358): +closeInputStream(), in = 0xb400007ecd4c2500, size() = 1
08-14 23:29:58.579 D/AudioALSAStreamManager( 4358): getVoiceWakeUpNeedOn(), mVoiceWakeUpNeedOn = 1
08-14 23:29:58.579 D/AudioALSAStreamIn( 4358): ~AudioALSAStreamIn()
08-14 23:29:58.579 D/AudioUtility( 4358): ~AudioThrottleTimeControl()
08-14 23:29:58.580 D/PowerManagerService( 4548): nativeReleaseSuspendBlocker name:PowerManagerService.WakeLocks duration ms: 0
08-14 23:29:58.580 I/erjh    ( 9315): HDM. Reconfig not needed.
08-14 23:29:58.581 I/erkp    ( 9315): (REDACTED) HDM. currentReconfigCheckerResult %s
08-14 23:29:58.581 I/ersa    ( 9315): (REDACTED) #setSpeakerIdRequired: %s
08-14 23:29:58.581 W/AudioPolicyClientImpl( 4353): setSoundTriggerCaptureState active 0
08-14 23:29:58.581 I/erkp    ( 9315): (REDACTED) HDM. Get the next action %s for requester %s.
08-14 23:29:58.582 I/fudx    (22225): (REDACTED) Created gRPC endpoint for service %s
08-14 23:29:58.582 I/ertx    ( 9315): HDM. Trusted hotword enabled for flag
08-14 23:29:58.582 I/erkp    ( 9315): HDM. getDspTriggerNotificationRequirement
08-14 23:29:58.582 I/erth    ( 9315): (REDACTED) HDM. #setSpeakerIdRequired inside sequencer %b
08-14 23:29:58.582 I/erkp    ( 9315): (REDACTED) HDM. dspTriggerNotificationRequirement: %s
08-14 23:29:58.583 I/ertx    ( 9315): HDM. Trusted hotword enabled for flag
08-14 23:29:58.583 I/erje    ( 9315): Starting trusted DSP hotword detection
08-14 23:29:58.583 I/erth    ( 9315): HDM. #setDspHotwordModel
08-14 23:29:58.583 I/SoundTriggerMiddlewareLogging( 4548): RESOURCES_AVAILABLE ()
08-14 23:29:58.583 I/SoundTriggerMiddlewareLogging( 4548): RESOURCES_AVAILABLE ()
08-14 23:29:58.584 I/erth    ( 9315): HDM. #startDspHotwordRecognition
08-14 23:29:58.584 I/erkp    ( 9315): HDM. #handleStartHotwordDetectionResult
08-14 23:29:58.584 I/erkp    ( 9315): HDM. #handleStartHotwordDetectionResult: calling addDspHotwordPropertiesToRequestHandlingMetadata
08-14 23:29:58.585 I/ernt    ( 9315): #addDspHotwordPropertiesToRequestHandlingMetadata
08-14 23:29:58.585 I/erth    ( 9315): HDM. No change in speaker-id requirement, so no need to update.
08-14 23:29:58.585 I/ernt    ( 9315): (REDACTED) #addDspHotwordPropertiesToRequestHandlingMetadata: properties=%s
08-14 23:29:58.585 I/erth    ( 9315): HDM. #setDspHotwordModel inside sequencer.
08-14 23:29:58.585 D/WM-WorkConstraintsTrack(22225): NetworkRequestConstraintController onCapabilitiesChanged callback
08-14 23:29:58.587 I/erth    ( 9315): HDM. onHotwordDetectionServiceInitialized() already Called!
08-14 23:29:58.587 I/erth    ( 9315): HDM. #createAlwaysOnHotwordDetectorIfNecessary
08-14 23:29:58.587 I/erth    ( 9315): alwaysOnHotwordDetector already created and first onAvailabilityChanged called.
08-14 23:29:58.591 D/audioserver( 4353): logFgsApiEnd: FGS Logger Transaction failed, -129
08-14 23:29:58.594 I/ernl    ( 9315): HDM. #prepareDspModel
08-14 23:29:58.595 I/ernl    ( 9315): HDM. #prepareDspModel inside ExecutionSequencer
08-14 23:29:58.595 I/ernl    ( 9315): HDM. #prepareDspModel, already enrolled
08-14 23:29:58.598 I/erth    ( 9315): (REDACTED) dspModelEnrollmentResult: %s, currentDownloadedDspHotwordModel.isPresent(): %b, directDspModeOrRetryInProgress: %b
08-14 23:29:58.607 I/sound_trigger_hw_default( 4358): stdev_start_recognition_extended(), sound_model_handle = 12, header->version = 259
08-14 23:29:58.607 I/sound_trigger_hw_default( 4358): stdev_start_recognition_extended(), config->audio_capabilities = 0x0
08-14 23:29:58.607 I/sound_trigger_hw_default( 4358): stdev_start_recognition
08-14 23:29:58.607 I/sound_trigger_hw_default( 4358): HAL_SOUND_TRIGGER_VER: 1.1.2
08-14 23:29:58.607 I/sound_trigger_hw_default( 4358): other_callbacks_found exist!
08-14 23:29:58.607 I/sound_trigger_hw_default( 4358): mtk_start_recognition(), handle = 12
08-14 23:29:58.607 I/sound_trigger_hw_default( 4358): mtk_start_recognition(), model has be started, return
08-14 23:29:58.607 I/sound_trigger_hw_default( 4358): stdev_start_recognition done for handle 12
08-14 23:29:58.607 I/SoundTriggerMiddlewareLogging( 4548): START_RECOGNITION (12, RecognitionConfig{captureRequested: true, phraseRecognitionExtras: [PhraseRecognitionExtra{id: 101, recognitionModes: 1, confidenceLevel: 0, levels: []}], audioCapabilities: 0, data: []}) -> android.os.Binder@6bb20da
08-14 23:29:58.607 I/SoundTriggerHelper( 4548): startRecognition successful.
08-14 23:29:58.608 I/erth    ( 9315): HDM. Start DSP hotword detection successfully.
08-14 23:29:58.609 I/erkp    ( 9315): HDM. Hotword started successfully.
08-14 23:29:58.610 I/ebzh    ( 9315): (REDACTED) HDM event received: %s
08-14 23:29:58.611 I/erkp    ( 9315): HDM. after notify apa
08-14 23:29:58.611 I/erkp    ( 9315): HDM. #logRequestHandlingNonErrorEndEvent. Reset requestIdOfFirstError, firstStartErrorCausesRetry and numOfRetriesDoneForHotwordDetectorStartErrors!
08-14 23:29:58.613 I/ebvl    ( 9315): (REDACTED) Platform configuration for connection(%s) has changed(@%s):%s
08-14 23:29:58.614 I/ebtn    ( 9315): (REDACTED) On platform configuration update(@%s) in connection(%s).
08-14 23:29:58.615 I/ajdj    ( 9315): (REDACTED) On platform configuration update(%s).
08-14 23:29:58.615 I/ajcr    ( 9315): Received ConfigurationUpdate from Triggering API
08-14 23:29:58.653 D/ULogGuard( 1952): Monitoring: 16 threads, 0 requests, 0 time-bombs; 9 guards. ResetFlags = 0x7
08-14 23:29:58.796 D/BluetoothSystemServer( 4548): BluetoothManagerService: isBluetoothPersistedStateOn: 2
08-14 23:29:58.797 D/BluetoothSystemServer( 4548): BluetoothManagerService: delayModeChangedIfNeeded(onAirplaneModeChanged): state=BLE_ON isAirplaneModeOn()=false isSatelliteModeOn()=false delayed=400ms
08-14 23:29:59.176 I/EnhancedConnectivity( 4548): [DataStallService] isPoorSignal = false
08-14 23:29:59.198 D/BluetoothSystemServer( 4548): BluetoothManagerService: isBluetoothPersistedStateOn: 2
08-14 23:29:59.198 D/BluetoothSystemServer( 4548): BluetoothManagerService: delayModeChangedIfNeeded(onAirplaneModeChanged): state=BLE_ON isAirplaneModeOn()=false isSatelliteModeOn()=false delayed=400ms
08-14 23:29:59.599 D/BluetoothSystemServer( 4548): BluetoothManagerService: isBluetoothPersistedStateOn: 2
08-14 23:29:59.600 D/BluetoothSystemServer( 4548): BluetoothManagerService: delayModeChangedIfNeeded(onAirplaneModeChanged): state=BLE_ON isAirplaneModeOn()=false isSatelliteModeOn()=false delayed=400ms
08-14 23:30:00.001 D/BluetoothSystemServer( 4548): BluetoothManagerService: isBluetoothPersistedStateOn: 2
08-14 23:30:00.002 D/BluetoothSystemServer( 4548): BluetoothManagerService: delayModeChangedIfNeeded(onAirplaneModeChanged): state=BLE_ON isAirplaneModeOn()=false isSatelliteModeOn()=false delayed=400ms
08-14 23:30:00.005 D/PowerManagerService( 4548): nativeAcquireSuspendBlocker name:PowerManagerService.WakeLocks duration ms: 1
08-14 23:30:00.006 V/KeyguardStatusViewController( 4822): onTimeChanged
08-14 23:30:00.009 D/PowerManagerService( 4548): nativeReleaseSuspendBlocker name:PowerManagerService.WakeLocks duration ms: 1
08-14 23:30:00.088 I/BufferQueueProducer( 1694): [StatusBar#276](this:0xb400007b24994020,id:-1,api:0,p:-1,c:1694) queueBuffer: fps=0.06 dur=17711.24 max=17711.24 min=17711.24
08-14 23:30:00.089 E/HWC2    ( 1694): Invalid CT ID. displayId: 0
08-14 23:30:00.097 I/BufferQueueProducer( 1694): [FramebufferSurface](this:0xb400007b51f806d0,id:-1,api:1,p:1694,c:1694) queueBuffer: fps=0.45 dur=13293.85 max=12315.65 min=6.25
08-14 23:30:00.098 I/hwcomposer( 1604): [HWCDisplay] [Display_0 (type:1)] fps:0.451530,dur:13288.14,max:12316.20,min:9.61  
08-14 23:30:00.403 D/BluetoothSystemServer( 4548): BluetoothManagerService: isBluetoothPersistedStateOn: 2
08-14 23:30:00.403 D/BluetoothSystemServer( 4548): BluetoothManagerService: delayModeChangedIfNeeded(onAirplaneModeChanged): state=BLE_ON isAirplaneModeOn()=false isSatelliteModeOn()=false delayed=400ms
08-14 23:30:00.621 D/PowerManagerService( 4548): nativeAcquireSuspendBlocker name:PowerManagerService.WakeLocks duration ms: 1
08-14 23:30:00.806 D/BluetoothSystemServer( 4548): BluetoothManagerService: isBluetoothPersistedStateOn: 2
08-14 23:30:00.807 D/BluetoothSystemServer( 4548): BluetoothManagerService: delayModeChangedIfNeeded(onAirplaneModeChanged): state=BLE_ON isAirplaneModeOn()=false isSatelliteModeOn()=false delayed=400ms
08-14 23:30:00.826 D/PowerManagerService( 4548): nativeReleaseSuspendBlocker name:PowerManagerService.WakeLocks duration ms: 1
08-14 23:30:01.075 I/libPerfCtl( 1650): xgfGetFPS pid:4822 fps:-1
08-14 23:30:01.208 D/BluetoothSystemServer( 4548): BluetoothManagerService: isBluetoothPersistedStateOn: 2
08-14 23:30:01.210 D/BluetoothSystemServer( 4548): BluetoothManagerService: delayModeChangedIfNeeded(onAirplaneModeChanged): state=BLE_ON isAirplaneModeOn()=false isSatelliteModeOn()=false delayed=400ms
08-14 23:30:01.612 D/BluetoothSystemServer( 4548): BluetoothManagerService: isBluetoothPersistedStateOn: 2
08-14 23:30:01.612 D/BluetoothSystemServer( 4548): BluetoothManagerService: delayModeChangedIfNeeded(onAirplaneModeChanged): state=BLE_ON isAirplaneModeOn()=false isSatelliteModeOn()=false delayed=400ms
08-14 23:30:01.654 D/ULogGuard( 1952): Monitoring: 16 threads, 0 requests, 0 time-bombs; 9 guards. ResetFlags = 0x7
08-14 23:30:01.807 D/BatteryService( 4548): uevent={POWER_SUPPLY_VOLTAGE_NOW=4245000, POWER_SUPPLY_VBUS_PRESENT=true, POWER_SUPPLY_TYPE=Battery, POWER_SUPPLY_HEALTH=Good, POWER_SUPPLY_TECHNOLOGY=Li-ion, POWER_SUPPLY_CHARGE_FULL_DESIGN=5972000, POWER_SUPPLY_CONSTANT_CHARGE_VOLTAGE=4300, SEQNUM=600488, POWER_SUPPLY_STATUS=Charging, POWER_SUPPLY_CYCLE_COUNT=316, POWER_SUPPLY_CAPACITY=71, DEVPATH=/devices/platform/11b20000.i2c/i2c-5/5-0034/11b20000.i2c:mt6375@34:mtk_gauge/power_supply/battery, POWER_SUPPLY_CHARGE_RATE=Turbo, POWER_SUPPLY_CURRENT_AVG=1963800, POWER_SUPPLY_CAPACITY_LEVEL=Normal, POWER_SUPPLY_CURRENT_NOW=1951600, POWER_SUPPLY_PRESENT=1, POWER_SUPPLY_POWER_WATT=15, POWER_SUPPLY_CHARGE_FULL=6035500, POWER_SUPPLY_TIME_TO_FULL_NOW=3257, SUBSYSTEM=power_supply, POWER_SUPPLY_TEMP=350, ACTION=change, POWER_SUPPLY_AGE=91, POWER_SUPPLY_NAME=battery, POWER_SUPPLY_LPD_PRESENT=false, POWER_SUPPLY_CHARGE_COUNTER=4285205}
08-14 23:30:01.808 D/BatteryService( 4548): uevent={POWER_SUPPLY_VOLTAGE_NOW=4245000, POWER_SUPPLY_VBUS_PRESENT=true, POWER_SUPPLY_TYPE=Battery, POWER_SUPPLY_HEALTH=Good, POWER_SUPPLY_TECHNOLOGY=Li-ion, POWER_SUPPLY_CHARGE_FULL_DESIGN=5972000, POWER_SUPPLY_CONSTANT_CHARGE_VOLTAGE=4300, SEQNUM=600488, POWER_SUPPLY_STATUS=Charging, POWER_SUPPLY_CYCLE_COUNT=316, POWER_SUPPLY_CAPACITY=71, DEVPATH=/devices/platform/11b20000.i2c/i2c-5/5-0034/11b20000.i2c:mt6375@34:mtk_gauge/power_supply/battery, POWER_SUPPLY_CHARGE_RATE=Turbo, POWER_SUPPLY_CURRENT_AVG=1963800, POWER_SUPPLY_CAPACITY_LEVEL=Normal, POWER_SUPPLY_CURRENT_NOW=1951600, POWER_SUPPLY_PRESENT=1, POWER_SUPPLY_POWER_WATT=15, POWER_SUPPLY_CHARGE_FULL=6035500, POWER_SUPPLY_TIME_TO_FULL_NOW=3257, SUBSYSTEM=power_supply, POWER_SUPPLY_TEMP=350, ACTION=change, POWER_SUPPLY_AGE=91, POWER_SUPPLY_NAME=battery, POWER_SUPPLY_LPD_PRESENT=false, POWER_SUPPLY_CHARGE_COUNTER=4285205}
08-14 23:30:01.817 D/PowerUI ( 4822): can't show warning due to - plugged: true status unknown: false
08-14 23:30:01.825 D/PowerUI ( 4822): can't show warning due to - plugged: true status unknown: false
08-14 23:30:01.825 V/UiModeManager( 4548): updateLocked: null action, mDockState=0, category=null
08-14 23:30:01.826 D/UiModeManager( 4548): updateConfigurationLocked: mDockState=0; mCarMode=false; mNightMode=com.android.server.UiModeManagerService$1@f66f8ee; mNightModeCustomType=-1; uiMode=33
08-14 23:30:01.827 V/UiModeManager( 4548): updateLocked: null action, mDockState=0, category=null
08-14 23:30:01.827 D/UiModeManager( 4548): updateConfigurationLocked: mDockState=0; mCarMode=false; mNightMode=com.android.server.UiModeManagerService$1@f66f8ee; mNightModeCustomType=-1; uiMode=33
08-14 23:30:01.849 D/PowerUI ( 4822): can't show warning due to - plugged: true status unknown: false
08-14 23:30:01.851 V/UiModeManager( 4548): updateLocked: null action, mDockState=0, category=null
08-14 23:30:01.851 D/UiModeManager( 4548): updateConfigurationLocked: mDockState=0; mCarMode=false; mNightMode=com.android.server.UiModeManagerService$1@f66f8ee; mNightModeCustomType=-1; uiMode=33
08-14 23:30:02.013 D/BluetoothSystemServer( 4548): BluetoothManagerService: isBluetoothPersistedStateOn: 2
08-14 23:30:02.014 D/BluetoothSystemServer( 4548): BluetoothManagerService: delayModeChangedIfNeeded(onAirplaneModeChanged): state=BLE_ON isAirplaneModeOn()=false isSatelliteModeOn()=false delayed=400ms
08-14 23:30:02.075 I/libPerfCtl( 1650): xgfGetFPS pid:4822 fps:-1
08-14 23:30:02.415 D/BluetoothSystemServer( 4548): BluetoothManagerService: isBluetoothPersistedStateOn: 2
08-14 23:30:02.416 D/BluetoothSystemServer( 4548): BluetoothManagerService: delayModeChangedIfNeeded(onAirplaneModeChanged): state=BLE_ON isAirplaneModeOn()=false isSatelliteModeOn()=false delayed=400ms
08-14 23:30:02.817 D/BluetoothSystemServer( 4548): BluetoothManagerService: isBluetoothPersistedStateOn: 2
08-14 23:30:02.817 D/BluetoothSystemServer( 4548): BluetoothManagerService: delayModeChangedIfNeeded(onAirplaneModeChanged): state=BLE_ON isAirplaneModeOn()=false isSatelliteModeOn()=false delayed=400ms
08-14 23:30:03.076 I/libPerfCtl( 1650): xgfGetFPS pid:4822 fps:-1
08-14 23:30:03.218 D/BluetoothSystemServer( 4548): BluetoothManagerService: isBluetoothPersistedStateOn: 2
08-14 23:30:03.219 D/BluetoothSystemServer( 4548): BluetoothManagerService: delayModeChangedIfNeeded(onAirplaneModeChanged): state=BLE_ON isAirplaneModeOn()=false isSatelliteModeOn()=false delayed=400ms
08-14 23:30:03.620 D/BluetoothSystemServer( 4548): BluetoothManagerService: isBluetoothPersistedStateOn: 2
08-14 23:30:03.621 D/BluetoothSystemServer( 4548): BluetoothManagerService: delayModeChangedIfNeeded(onAirplaneModeChanged): state=BLE_ON isAirplaneModeOn()=false isSatelliteModeOn()=false delayed=400ms
08-14 23:30:03.688 D/PowerManagerService( 4548): nativeAcquireSuspendBlocker name:PowerManagerService.WakeLocks duration ms: 1
08-14 23:30:03.893 D/PowerManagerService( 4548): nativeReleaseSuspendBlocker name:PowerManagerService.WakeLocks duration ms: 1
08-14 23:30:04.022 D/BluetoothSystemServer( 4548): BluetoothManagerService: isBluetoothPersistedStateOn: 2
08-14 23:30:04.023 D/BluetoothSystemServer( 4548): BluetoothManagerService: delayModeChangedIfNeeded(onAirplaneModeChanged): state=BLE_ON isAirplaneModeOn()=false isSatelliteModeOn()=false delayed=400ms
08-14 23:30:04.077 I/libPerfCtl( 1650): xgfGetFPS pid:4822 fps:-1
08-14 23:30:04.095 I/EnhancedConnectivity( 4548): [DataStallService] isPoorSignal = false
08-14 23:30:04.344 D/PowerManagerService( 4548): nativeAcquireSuspendBlocker name:PowerManagerService.WakeLocks duration ms: 1
08-14 23:30:04.424 D/BluetoothSystemServer( 4548): BluetoothManagerService: isBluetoothPersistedStateOn: 2
08-14 23:30:04.424 D/BluetoothSystemServer( 4548): BluetoothManagerService: delayModeChangedIfNeeded(onAirplaneModeChanged): state=BLE_ON isAirplaneModeOn()=false isSatelliteModeOn()=false delayed=400ms
08-14 23:30:04.559 D/PowerManagerService( 4548): nativeReleaseSuspendBlocker name:PowerManagerService.WakeLocks duration ms: 0
08-14 23:30:04.656 D/ULogGuard( 1952): Monitoring: 16 threads, 0 requests, 0 time-bombs; 9 guards. ResetFlags = 0x7
08-14 23:30:04.826 D/BluetoothSystemServer( 4548): BluetoothManagerService: isBluetoothPersistedStateOn: 2
08-14 23:30:04.826 D/BluetoothSystemServer( 4548): BluetoothManagerService: delayModeChangedIfNeeded(onAirplaneModeChanged): state=BLE_ON isAirplaneModeOn()=false isSatelliteModeOn()=false delayed=400ms
08-14 23:30:05.078 I/libPerfCtl( 1650): xgfGetFPS pid:4822 fps:-1
08-14 23:30:05.227 D/BluetoothSystemServer( 4548): BluetoothManagerService: isBluetoothPersistedStateOn: 2
08-14 23:30:05.228 D/BluetoothSystemServer( 4548): BluetoothManagerService: delayModeChangedIfNeeded(onAirplaneModeChanged): state=BLE_ON isAirplaneModeOn()=false isSatelliteModeOn()=false delayed=400ms
08-14 23:30:05.630 D/BluetoothSystemServer( 4548): BluetoothManagerService: isBluetoothPersistedStateOn: 2
08-14 23:30:05.630 D/BluetoothSystemServer( 4548): BluetoothManagerService: delayModeChangedIfNeeded(onAirplaneModeChanged): state=BLE_ON isAirplaneModeOn()=false isSatelliteModeOn()=false delayed=400ms
08-14 23:30:06.031 D/BluetoothSystemServer( 4548): BluetoothManagerService: isBluetoothPersistedStateOn: 2
08-14 23:30:06.032 D/BluetoothSystemServer( 4548): BluetoothManagerService: delayModeChangedIfNeeded(onAirplaneModeChanged): state=BLE_ON isAirplaneModeOn()=false isSatelliteModeOn()=false delayed=400ms
08-14 23:30:06.078 I/libPerfCtl( 1650): xgfGetFPS pid:4822 fps:-1
08-14 23:30:06.432 D/BluetoothSystemServer( 4548): BluetoothManagerService: isBluetoothPersistedStateOn: 2
08-14 23:30:06.433 D/BluetoothSystemServer( 4548): BluetoothManagerService: delayModeChangedIfNeeded(onAirplaneModeChanged): state=BLE_ON isAirplaneModeOn()=false isSatelliteModeOn()=false delayed=400ms
08-14 23:30:06.834 D/BluetoothSystemServer( 4548): BluetoothManagerService: isBluetoothPersistedStateOn: 2
08-14 23:30:06.835 D/BluetoothSystemServer( 4548): BluetoothManagerService: delayModeChangedIfNeeded(onAirplaneModeChanged): state=BLE_ON isAirplaneModeOn()=false isSatelliteModeOn()=false delayed=400ms
08-14 23:30:06.838 D/PowerManagerService( 4548): nativeAcquireSuspendBlocker name:PowerManagerService.WakeLocks duration ms: 2
08-14 23:30:06.848 I/EnhancedConnectivity( 4548): [DataStallService] isPoorSignal = false
08-14 23:30:06.894 D/power@timer( 1650): [mtkPowerTimer] visRead:0
08-14 23:30:07.044 D/PowerManagerService( 4548): nativeReleaseSuspendBlocker name:PowerManagerService.WakeLocks duration ms: 1
08-14 23:30:07.078 I/libPerfCtl( 1650): xgfGetFPS pid:4822 fps:-1
08-14 23:30:07.236 D/BluetoothSystemServer( 4548): BluetoothManagerService: isBluetoothPersistedStateOn: 2
08-14 23:30:07.237 D/BluetoothSystemServer( 4548): BluetoothManagerService: delayModeChangedIfNeeded(onAirplaneModeChanged): state=BLE_ON isAirplaneModeOn()=false isSatelliteModeOn()=false delayed=400ms
08-14 23:30:07.638 D/BluetoothSystemServer( 4548): BluetoothManagerService: isBluetoothPersistedStateOn: 2
08-14 23:30:07.639 D/BluetoothSystemServer( 4548): BluetoothManagerService: delayModeChangedIfNeeded(onAirplaneModeChanged): state=BLE_ON isAirplaneModeOn()=false isSatelliteModeOn()=false delayed=400ms
08-14 23:30:07.657 D/ULogGuard( 1952): Monitoring: 16 threads, 0 requests, 0 time-bombs; 9 guards. ResetFlags = 0x7
08-14 23:30:08.040 D/BluetoothSystemServer( 4548): BluetoothManagerService: isBluetoothPersistedStateOn: 2
08-14 23:30:08.041 D/BluetoothSystemServer( 4548): BluetoothManagerService: delayModeChangedIfNeeded(onAirplaneModeChanged): state=BLE_ON isAirplaneModeOn()=false isSatelliteModeOn()=false delayed=400ms
08-14 23:30:08.078 I/libPerfCtl( 1650): xgfGetFPS pid:4822 fps:-1
08-14 23:30:08.442 D/BluetoothSystemServer( 4548): BluetoothManagerService: isBluetoothPersistedStateOn: 2
08-14 23:30:08.443 D/BluetoothSystemServer( 4548): BluetoothManagerService: delayModeChangedIfNeeded(onAirplaneModeChanged): state=BLE_ON isAirplaneModeOn()=false isSatelliteModeOn()=false delayed=400ms
08-14 23:30:08.844 D/BluetoothSystemServer( 4548): BluetoothManagerService: isBluetoothPersistedStateOn: 2
08-14 23:30:08.844 D/BluetoothSystemServer( 4548): BluetoothManagerService: delayModeChangedIfNeeded(onAirplaneModeChanged): state=BLE_ON isAirplaneModeOn()=false isSatelliteModeOn()=false delayed=400ms
08-14 23:30:09.080 I/libPerfCtl( 1650): xgfGetFPS pid:4822 fps:-1
08-14 23:30:09.246 D/BluetoothSystemServer( 4548): BluetoothManagerService: isBluetoothPersistedStateOn: 2
08-14 23:30:09.246 D/BluetoothSystemServer( 4548): BluetoothManagerService: delayModeChangedIfNeeded(onAirplaneModeChanged): state=BLE_ON isAirplaneModeOn()=false isSatelliteModeOn()=false delayed=400ms
08-14 23:30:09.648 D/BluetoothSystemServer( 4548): BluetoothManagerService: isBluetoothPersistedStateOn: 2
08-14 23:30:09.648 D/BluetoothSystemServer( 4548): BluetoothManagerService: delayModeChangedIfNeeded(onAirplaneModeChanged): state=BLE_ON isAirplaneModeOn()=false isSatelliteModeOn()=false delayed=400ms
08-14 23:30:09.851 D/ccci_mdinit( 1711): (1):monitor_time_update_thread round:130095 ########
08-14 23:30:10.051 D/BluetoothSystemServer( 4548): BluetoothManagerService: isBluetoothPersistedStateOn: 2
08-14 23:30:10.051 D/BluetoothSystemServer( 4548): BluetoothManagerService: delayModeChangedIfNeeded(onAirplaneModeChanged): state=BLE_ON isAirplaneModeOn()=false isSatelliteModeOn()=false delayed=400ms
08-14 23:30:10.452 D/BluetoothSystemServer( 4548): BluetoothManagerService: isBluetoothPersistedStateOn: 2
08-14 23:30:10.453 D/BluetoothSystemServer( 4548): BluetoothManagerService: delayModeChangedIfNeeded(onAirplaneModeChanged): state=BLE_ON isAirplaneModeOn()=false isSatelliteModeOn()=false delayed=400ms
08-14 23:30:10.658 D/ULogGuard( 1952): Monitoring: 16 threads, 0 requests, 0 time-bombs; 9 guards. ResetFlags = 0x7
08-14 23:30:10.856 D/BluetoothSystemServer( 4548): BluetoothManagerService: isBluetoothPersistedStateOn: 2
08-14 23:30:10.857 D/BluetoothSystemServer( 4548): BluetoothManagerService: delayModeChangedIfNeeded(onAirplaneModeChanged): state=BLE_ON isAirplaneModeOn()=false isSatelliteModeOn()=false delayed=400ms
08-14 23:30:11.258 D/BluetoothSystemServer( 4548): BluetoothManagerService: isBluetoothPersistedStateOn: 2
08-14 23:30:11.259 D/BluetoothSystemServer( 4548): BluetoothManagerService: delayModeChangedIfNeeded(onAirplaneModeChanged): state=BLE_ON isAirplaneModeOn()=false isSatelliteModeOn()=false delayed=400ms
08-14 23:30:11.660 D/BluetoothSystemServer( 4548): BluetoothManagerService: isBluetoothPersistedStateOn: 2
08-14 23:30:11.660 D/BluetoothSystemServer( 4548): BluetoothManagerService: delayModeChangedIfNeeded(onAirplaneModeChanged): state=BLE_ON isAirplaneModeOn()=false isSatelliteModeOn()=false delayed=400ms
08-14 23:30:11.836 D/BatteryService( 4548): uevent={POWER_SUPPLY_VOLTAGE_NOW=4252000, POWER_SUPPLY_VBUS_PRESENT=true, POWER_SUPPLY_TYPE=Battery, POWER_SUPPLY_HEALTH=Good, POWER_SUPPLY_TECHNOLOGY=Li-ion, POWER_SUPPLY_CHARGE_FULL_DESIGN=5972000, POWER_SUPPLY_CONSTANT_CHARGE_VOLTAGE=4300, SEQNUM=600490, POWER_SUPPLY_STATUS=Charging, POWER_SUPPLY_CYCLE_COUNT=316, POWER_SUPPLY_CAPACITY=71, DEVPATH=/devices/platform/11b20000.i2c/i2c-5/5-0034/11b20000.i2c:mt6375@34:mtk_gauge/power_supply/battery, POWER_SUPPLY_CHARGE_RATE=Turbo, POWER_SUPPLY_CURRENT_AVG=1971300, POWER_SUPPLY_CAPACITY_LEVEL=Normal, POWER_SUPPLY_CURRENT_NOW=1999400, POWER_SUPPLY_PRESENT=1, POWER_SUPPLY_POWER_WATT=15, POWER_SUPPLY_CHARGE_FULL=6035500, POWER_SUPPLY_TIME_TO_FULL_NOW=3015, SUBSYSTEM=power_supply, POWER_SUPPLY_TEMP=350, ACTION=change, POWER_SUPPLY_AGE=91, POWER_SUPPLY_NAME=battery, POWER_SUPPLY_LPD_PRESENT=false, POWER_SUPPLY_CHARGE_COUNTER=4285205}
08-14 23:30:11.837 D/BatteryService( 4548): uevent={POWER_SUPPLY_VOLTAGE_NOW=4252000, POWER_SUPPLY_VBUS_PRESENT=true, POWER_SUPPLY_TYPE=Battery, POWER_SUPPLY_HEALTH=Good, POWER_SUPPLY_TECHNOLOGY=Li-ion, POWER_SUPPLY_CHARGE_FULL_DESIGN=5972000, POWER_SUPPLY_CONSTANT_CHARGE_VOLTAGE=4300, SEQNUM=600490, POWER_SUPPLY_STATUS=Charging, POWER_SUPPLY_CYCLE_COUNT=316, POWER_SUPPLY_CAPACITY=71, DEVPATH=/devices/platform/11b20000.i2c/i2c-5/5-0034/11b20000.i2c:mt6375@34:mtk_gauge/power_supply/battery, POWER_SUPPLY_CHARGE_RATE=Turbo, POWER_SUPPLY_CURRENT_AVG=1971300, POWER_SUPPLY_CAPACITY_LEVEL=Normal, POWER_SUPPLY_CURRENT_NOW=1999400, POWER_SUPPLY_PRESENT=1, POWER_SUPPLY_POWER_WATT=15, POWER_SUPPLY_CHARGE_FULL=6035500, POWER_SUPPLY_TIME_TO_FULL_NOW=3015, SUBSYSTEM=power_supply, POWER_SUPPLY_TEMP=350, ACTION=change, POWER_SUPPLY_AGE=91, POWER_SUPPLY_NAME=battery, POWER_SUPPLY_LPD_PRESENT=false, POWER_SUPPLY_CHARGE_COUNTER=4285205}
08-14 23:30:11.848 D/PowerUI ( 4822): can't show warning due to - plugged: true status unknown: false
08-14 23:30:11.851 V/UiModeManager( 4548): updateLocked: null action, mDockState=0, category=null
08-14 23:30:11.851 D/UiModeManager( 4548): updateConfigurationLocked: mDockState=0; mCarMode=false; mNightMode=com.android.server.UiModeManagerService$1@f66f8ee; mNightModeCustomType=-1; uiMode=33
08-14 23:30:11.854 V/UiModeManager( 4548): updateLocked: null action, mDockState=0, category=null
08-14 23:30:11.855 D/UiModeManager( 4548): updateConfigurationLocked: mDockState=0; mCarMode=false; mNightMode=com.android.server.UiModeManagerService$1@f66f8ee; mNightModeCustomType=-1; uiMode=33
08-14 23:30:11.858 D/PowerUI ( 4822): can't show warning due to - plugged: true status unknown: false
08-14 23:30:11.879 D/PowerUI ( 4822): can't show warning due to - plugged: true status unknown: false
08-14 23:30:11.883 V/UiModeManager( 4548): updateLocked: null action, mDockState=0, category=null
08-14 23:30:11.884 D/UiModeManager( 4548): updateConfigurationLocked: mDockState=0; mCarMode=false; mNightMode=com.android.server.UiModeManagerService$1@f66f8ee; mNightModeCustomType=-1; uiMode=33
08-14 23:30:11.964 I/EnhancedConnectivity( 4548): [DataStallService] isPoorSignal = false
08-14 23:30:12.062 D/BluetoothSystemServer( 4548): BluetoothManagerService: isBluetoothPersistedStateOn: 2
08-14 23:30:12.062 D/BluetoothSystemServer( 4548): BluetoothManagerService: delayModeChangedIfNeeded(onAirplaneModeChanged): state=BLE_ON isAirplaneModeOn()=false isSatelliteModeOn()=false delayed=400ms
08-14 23:30:12.463 D/BluetoothSystemServer( 4548): BluetoothManagerService: isBluetoothPersistedStateOn: 2
08-14 23:30:12.464 D/BluetoothSystemServer( 4548): BluetoothManagerService: delayModeChangedIfNeeded(onAirplaneModeChanged): state=BLE_ON isAirplaneModeOn()=false isSatelliteModeOn()=false delayed=400ms
08-14 23:30:12.865 D/BluetoothSystemServer( 4548): BluetoothManagerService: isBluetoothPersistedStateOn: 2
08-14 23:30:12.866 D/BluetoothSystemServer( 4548): BluetoothManagerService: delayModeChangedIfNeeded(onAirplaneModeChanged): state=BLE_ON isAirplaneModeOn()=false isSatelliteModeOn()=false delayed=400ms
08-14 23:30:13.267 D/BluetoothSystemServer( 4548): BluetoothManagerService: isBluetoothPersistedStateOn: 2
08-14 23:30:13.268 D/BluetoothSystemServer( 4548): BluetoothManagerService: delayModeChangedIfNeeded(onAirplaneModeChanged): state=BLE_ON isAirplaneModeOn()=false isSatelliteModeOn()=false delayed=400ms
08-14 23:30:13.659 D/ULogGuard( 1952): Monitoring: 16 threads, 0 requests, 0 time-bombs; 9 guards. ResetFlags = 0x7
08-14 23:30:13.669 D/BluetoothSystemServer( 4548): BluetoothManagerService: isBluetoothPersistedStateOn: 2
08-14 23:30:13.670 D/BluetoothSystemServer( 4548): BluetoothManagerService: delayModeChangedIfNeeded(onAirplaneModeChanged): state=BLE_ON isAirplaneModeOn()=false isSatelliteModeOn()=false delayed=400ms
08-14 23:30:14.073 D/BluetoothSystemServer( 4548): BluetoothManagerService: isBluetoothPersistedStateOn: 2
08-14 23:30:14.073 D/BluetoothSystemServer( 4548): BluetoothManagerService: delayModeChangedIfNeeded(onAirplaneModeChanged): state=BLE_ON isAirplaneModeOn()=false isSatelliteModeOn()=false delayed=400ms
08-14 23:30:14.475 D/BluetoothSystemServer( 4548): BluetoothManagerService: isBluetoothPersistedStateOn: 2
08-14 23:30:14.475 D/BluetoothSystemServer( 4548): BluetoothManagerService: delayModeChangedIfNeeded(onAirplaneModeChanged): state=BLE_ON isAirplaneModeOn()=false isSatelliteModeOn()=false delayed=400ms
08-14 23:30:14.877 D/BluetoothSystemServer( 4548): BluetoothManagerService: isBluetoothPersistedStateOn: 2
08-14 23:30:14.877 D/BluetoothSystemServer( 4548): BluetoothManagerService: delayModeChangedIfNeeded(onAirplaneModeChanged): state=BLE_ON isAirplaneModeOn()=false isSatelliteModeOn()=false delayed=400ms
08-14 23:30:15.279 D/BluetoothSystemServer( 4548): BluetoothManagerService: isBluetoothPersistedStateOn: 2
08-14 23:30:15.279 D/BluetoothSystemServer( 4548): BluetoothManagerService: delayModeChangedIfNeeded(onAirplaneModeChanged): state=BLE_ON isAirplaneModeOn()=false isSatelliteModeOn()=false delayed=400ms
08-14 23:30:15.603 D/PowerManagerService( 4548): nativeAcquireSuspendBlocker name:PowerManagerService.WakeLocks duration ms: 3
08-14 23:30:15.614 D/PowerManagerService( 4548): nativeReleaseSuspendBlocker name:PowerManagerService.WakeLocks duration ms: 0
08-14 23:30:15.620 D/PowerManagerService( 4548): nativeAcquireSuspendBlocker name:PowerManagerService.WakeLocks duration ms: 2
08-14 23:30:15.625 W/PackageManager( 4548): Missing required system package: com.csam.icici.bank.imobile, but found with extended search.
08-14 23:30:15.628 V/GrammaticalInflectionUtils( 4548): AttributionSource: android.content.AttributionSource@c20a81bc does not have READ_SYSTEM_GRAMMATICAL_GENDER permission.
08-14 23:30:15.633 W/PackageManager( 4548): Missing required system package: com.csam.icici.bank.imobile, but found with extended search.
08-14 23:30:15.633 W/MotoBatteryCareService( 4548): isBatteryCareAllowedSelfStart restricted by mode.
08-14 23:30:15.633 W/MotoBatteryCareService( 4548): restricted process start because of alarm or job. packageName=com.csam.icici.bank.imobile
08-14 23:30:15.634 E/ActivityManager( 4548): Failure starting process com.csam.icici.bank.imobile
08-14 23:30:15.634 E/ActivityManager( 4548): java.lang.RuntimeException: SmartBackground restriction
08-14 23:30:15.634 E/ActivityManager( 4548): 	at com.android.server.am.ProcessList.startProcess(ProcessList.java:2595)
08-14 23:30:15.634 E/ActivityManager( 4548): 	at com.android.server.am.ProcessList.lambda$handleProcessStart$2(ProcessList.java:2369)
08-14 23:30:15.634 E/ActivityManager( 4548): 	at com.android.server.am.ProcessList.$r8$lambda$7tA7FGK86Ca7_MUb7SZX_VtkDjI(ProcessList.java:0)
08-14 23:30:15.634 E/ActivityManager( 4548): 	at com.android.server.am.ProcessList$$ExternalSyntheticLambda6.run(R8$$SyntheticClass:0)
08-14 23:30:15.634 E/ActivityManager( 4548): 	at com.android.server.am.ProcessList.handleProcessStart(ProcessList.java:2396)
08-14 23:30:15.634 E/ActivityManager( 4548): 	at com.android.server.am.ProcessList.lambda$startProcessLocked$1(ProcessList.java:2335)
08-14 23:30:15.634 E/ActivityManager( 4548): 	at com.android.server.am.ProcessList.$r8$lambda$CJ9r0QvrztLxvJRHzZHIx3Om9NE(ProcessList.java:0)
08-14 23:30:15.634 E/ActivityManager( 4548): 	at com.android.server.am.ProcessList$$ExternalSyntheticLambda5.run(R8$$SyntheticClass:0)
08-14 23:30:15.634 E/ActivityManager( 4548): 	at android.os.Handler.handleCallback(Handler.java:1001)
08-14 23:30:15.634 E/ActivityManager( 4548): 	at android.os.Handler.dispatchMessage(Handler.java:105)
08-14 23:30:15.634 E/ActivityManager( 4548): 	at android.os.Looper.loopOnce(Looper.java:268)
08-14 23:30:15.634 E/ActivityManager( 4548): 	at android.os.Looper.loop(Looper.java:384)
08-14 23:30:15.634 E/ActivityManager( 4548): 	at android.os.HandlerThread.run(HandlerThread.java:103)
08-14 23:30:15.634 E/ActivityManager( 4548): 	at com.android.server.ServiceThread.run(ServiceThread.java:46)
08-14 23:30:15.634 I/ActivityManager( 4548): Force stopping com.csam.icici.bank.imobile appid=10353 user=0: start failure
08-14 23:30:15.636 D/DisplayManagerService( 4548): Drop pending events for gone uid 10353
08-14 23:30:15.642 W/ProcessStats( 4548): Tracking association SourceState{4f40614 system/1000 ImpFg #3091071} whose proc state 5 is better than process ProcessState{4afd382 com.google.android.tts/10250 pkg=com.google.android.tts} proc state 14 (5 skipped)
08-14 23:30:15.643 I/ActivityManager( 4548):   Force stopping service ServiceRecord{685cc4 u0 com.csam.icici.bank.imobile/androidx.work.impl.background.systemjob.SystemJobService c:android}
08-14 23:30:15.646 D/addPss  ( 4548): tracker=ProcessState{309fb6f com.motorola.timeweatherwidget:another/10254 pkg=com.motorola.timeweatherwidget}
08-14 23:30:15.646 W/PackageManager( 4548): Missing required system package: app.oneone.one_one_app, but found with extended search.
08-14 23:30:15.648 I/ActivityManager( 4548): Exiting empty application process 0:com.csam.icici.bank.imobile/u0a353 (null)
08-14 23:30:15.650 E/JobServiceContext( 4548): Binding died for 0:com.csam.icici.bank.imobile
08-14 23:30:15.652 D/addPss  ( 4548): tracker=ProcessState{9993172 com.motorola.installer/10409 pkg=com.motorola.installer}
08-14 23:30:15.657 I/ForwardSyncCache(30371): reclaimMemory: Clearing caches
08-14 23:30:15.658 I/BugleSpam(30371): HadesBitmapStore: Purged 0 images during memory reclamation
08-14 23:30:15.661 W/Bugle   (30371): TextClassifierLibManagerImpl: Reclaiming memory at level: 40
08-14 23:30:15.663 I/TRuntime.CctTransportBackend(24099): Making request to: https://firebaselogging-pa.googleapis.com/v1/firelog/legacy/batchlog
08-14 23:30:15.680 D/BluetoothSystemServer( 4548): BluetoothManagerService: isBluetoothPersistedStateOn: 2
08-14 23:30:15.681 D/BluetoothSystemServer( 4548): BluetoothManagerService: delayModeChangedIfNeeded(onAirplaneModeChanged): state=BLE_ON isAirplaneModeOn()=false isSatelliteModeOn()=false delayed=400ms
08-14 23:30:16.082 D/BluetoothSystemServer( 4548): BluetoothManagerService: isBluetoothPersistedStateOn: 2
08-14 23:30:16.082 D/BluetoothSystemServer( 4548): BluetoothManagerService: delayModeChangedIfNeeded(onAirplaneModeChanged): state=BLE_ON isAirplaneModeOn()=false isSatelliteModeOn()=false delayed=400ms
08-14 23:30:16.483 D/BluetoothSystemServer( 4548): BluetoothManagerService: isBluetoothPersistedStateOn: 2
08-14 23:30:16.484 D/BluetoothSystemServer( 4548): BluetoothManagerService: delayModeChangedIfNeeded(onAirplaneModeChanged): state=BLE_ON isAirplaneModeOn()=false isSatelliteModeOn()=false delayed=400ms
08-14 23:30:16.660 D/ULogGuard( 1952): Monitoring: 16 threads, 0 requests, 0 time-bombs; 9 guards. ResetFlags = 0x7
08-14 23:30:16.885 D/BluetoothSystemServer( 4548): BluetoothManagerService: isBluetoothPersistedStateOn: 2
08-14 23:30:16.885 D/BluetoothSystemServer( 4548): BluetoothManagerService: delayModeChangedIfNeeded(onAirplaneModeChanged): state=BLE_ON isAirplaneModeOn()=false isSatelliteModeOn()=false delayed=400ms
08-14 23:30:17.286 D/BluetoothSystemServer( 4548): BluetoothManagerService: isBluetoothPersistedStateOn: 2
08-14 23:30:17.287 D/BluetoothSystemServer( 4548): BluetoothManagerService: delayModeChangedIfNeeded(onAirplaneModeChanged): state=BLE_ON isAirplaneModeOn()=false isSatelliteModeOn()=false delayed=400ms
08-14 23:30:17.688 D/BluetoothSystemServer( 4548): BluetoothManagerService: isBluetoothPersistedStateOn: 2
08-14 23:30:17.689 D/BluetoothSystemServer( 4548): BluetoothManagerService: delayModeChangedIfNeeded(onAirplaneModeChanged): state=BLE_ON isAirplaneModeOn()=false isSatelliteModeOn()=false delayed=400ms
08-14 23:30:18.090 D/BluetoothSystemServer( 4548): BluetoothManagerService: isBluetoothPersistedStateOn: 2
08-14 23:30:18.090 D/BluetoothSystemServer( 4548): BluetoothManagerService: delayModeChangedIfNeeded(onAirplaneModeChanged): state=BLE_ON isAirplaneModeOn()=false isSatelliteModeOn()=false delayed=400ms
08-14 23:30:18.492 D/BluetoothSystemServer( 4548): BluetoothManagerService: isBluetoothPersistedStateOn: 2
08-14 23:30:18.492 D/BluetoothSystemServer( 4548): BluetoothManagerService: delayModeChangedIfNeeded(onAirplaneModeChanged): state=BLE_ON isAirplaneModeOn()=false isSatelliteModeOn()=false delayed=400ms
08-14 23:30:18.893 D/BluetoothSystemServer( 4548): BluetoothManagerService: isBluetoothPersistedStateOn: 2
08-14 23:30:18.893 D/BluetoothSystemServer( 4548): BluetoothManagerService: delayModeChangedIfNeeded(onAirplaneModeChanged): state=BLE_ON isAirplaneModeOn()=false isSatelliteModeOn()=false delayed=400ms
08-14 23:30:19.295 D/BluetoothSystemServer( 4548): BluetoothManagerService: isBluetoothPersistedStateOn: 2
08-14 23:30:19.296 D/BluetoothSystemServer( 4548): BluetoothManagerService: delayModeChangedIfNeeded(onAirplaneModeChanged): state=BLE_ON isAirplaneModeOn()=false isSatelliteModeOn()=false delayed=400ms
08-14 23:30:19.664 D/ULogGuard( 1952): Monitoring: 16 threads, 0 requests, 0 time-bombs; 9 guards. ResetFlags = 0x7
08-14 23:30:19.697 D/BluetoothSystemServer( 4548): BluetoothManagerService: isBluetoothPersistedStateOn: 2
08-14 23:30:19.698 D/BluetoothSystemServer( 4548): BluetoothManagerService: delayModeChangedIfNeeded(onAirplaneModeChanged): state=BLE_ON isAirplaneModeOn()=false isSatelliteModeOn()=false delayed=400ms
08-14 23:30:20.099 D/BluetoothSystemServer( 4548): BluetoothManagerService: isBluetoothPersistedStateOn: 2
08-14 23:30:20.100 D/BluetoothSystemServer( 4548): BluetoothManagerService: delayModeChangedIfNeeded(onAirplaneModeChanged): state=BLE_ON isAirplaneModeOn()=false isSatelliteModeOn()=false delayed=400ms
08-14 23:30:20.501 D/BluetoothSystemServer( 4548): BluetoothManagerService: isBluetoothPersistedStateOn: 2
08-14 23:30:20.502 D/BluetoothSystemServer( 4548): BluetoothManagerService: delayModeChangedIfNeeded(onAirplaneModeChanged): state=BLE_ON isAirplaneModeOn()=false isSatelliteModeOn()=false delayed=400ms
08-14 23:30:20.654 D/InetDiagMessage( 4548): Destroyed 0 sockets, proto=IPPROTO_TCP, family=AF_INET, states=14
08-14 23:30:20.659 D/InetDiagMessage( 4548): Destroyed 0 sockets, proto=IPPROTO_TCP, family=AF_INET6, states=14
08-14 23:30:20.659 D/InetDiagMessage( 4548): Destroyed live tcp sockets for uids={10230} in 10ms
08-14 23:30:20.664 D/InetDiagMessage( 4548): Destroyed 0 sockets, proto=IPPROTO_TCP, family=AF_INET, states=14
08-14 23:30:20.667 D/InetDiagMessage( 4548): Destroyed 0 sockets, proto=IPPROTO_TCP, family=AF_INET6, states=14
08-14 23:30:20.668 D/InetDiagMessage( 4548): Destroyed live tcp sockets for uids={20230} in 8ms
08-14 23:30:20.865 D/PowerUI ( 4822): can't show warning due to - plugged: true status unknown: false
08-14 23:30:20.870 V/UiModeManager( 4548): updateLocked: null action, mDockState=0, category=null
08-14 23:30:20.871 D/UiModeManager( 4548): updateConfigurationLocked: mDockState=0; mCarMode=false; mNightMode=com.android.server.UiModeManagerService$1@f66f8ee; mNightModeCustomType=-1; uiMode=33
08-14 23:30:20.903 D/BluetoothSystemServer( 4548): BluetoothManagerService: isBluetoothPersistedStateOn: 2
08-14 23:30:20.903 D/BluetoothSystemServer( 4548): BluetoothManagerService: delayModeChangedIfNeeded(onAirplaneModeChanged): state=BLE_ON isAirplaneModeOn()=false isSatelliteModeOn()=false delayed=400ms
08-14 23:30:21.305 D/BluetoothSystemServer( 4548): BluetoothManagerService: isBluetoothPersistedStateOn: 2
08-14 23:30:21.305 D/BluetoothSystemServer( 4548): BluetoothManagerService: delayModeChangedIfNeeded(onAirplaneModeChanged): state=BLE_ON isAirplaneModeOn()=false isSatelliteModeOn()=false delayed=400ms
08-14 23:30:21.476 I/TRuntime.CctTransportBackend(24099): Status Code: 200
08-14 23:30:21.493 D/PowerManagerService( 4548): nativeReleaseSuspendBlocker name:PowerManagerService.WakeLocks duration ms: 0
08-14 23:30:21.706 D/BluetoothSystemServer( 4548): BluetoothManagerService: isBluetoothPersistedStateOn: 2
08-14 23:30:21.707 D/BluetoothSystemServer( 4548): BluetoothManagerService: delayModeChangedIfNeeded(onAirplaneModeChanged): state=BLE_ON isAirplaneModeOn()=false isSatelliteModeOn()=false delayed=400ms
08-14 23:30:21.872 D/BatteryService( 4548): uevent={POWER_SUPPLY_VOLTAGE_NOW=4244000, POWER_SUPPLY_VBUS_PRESENT=true, POWER_SUPPLY_TYPE=Battery, POWER_SUPPLY_HEALTH=Good, POWER_SUPPLY_TECHNOLOGY=Li-ion, POWER_SUPPLY_CHARGE_FULL_DESIGN=5972000, POWER_SUPPLY_CONSTANT_CHARGE_VOLTAGE=4300, SEQNUM=600492, POWER_SUPPLY_STATUS=Charging, POWER_SUPPLY_CYCLE_COUNT=316, POWER_SUPPLY_CAPACITY=71, DEVPATH=/devices/platform/11b20000.i2c/i2c-5/5-0034/11b20000.i2c:mt6375@34:mtk_gauge/power_supply/battery, POWER_SUPPLY_CHARGE_RATE=Turbo, POWER_SUPPLY_CURRENT_AVG=2001800, POWER_SUPPLY_CAPACITY_LEVEL=Normal, POWER_SUPPLY_CURRENT_NOW=1876700, POWER_SUPPLY_PRESENT=1, POWER_SUPPLY_POWER_WATT=15, POWER_SUPPLY_CHARGE_FULL=6035500, POWER_SUPPLY_TIME_TO_FULL_NOW=3338, SUBSYSTEM=power_supply, POWER_SUPPLY_TEMP=350, ACTION=change, POWER_SUPPLY_AGE=91, POWER_SUPPLY_NAME=battery, POWER_SUPPLY_LPD_PRESENT=false, POWER_SUPPLY_CHARGE_COUNTER=4285205}
08-14 23:30:21.873 D/BatteryService( 4548): uevent={POWER_SUPPLY_VOLTAGE_NOW=4244000, POWER_SUPPLY_VBUS_PRESENT=true, POWER_SUPPLY_TYPE=Battery, POWER_SUPPLY_HEALTH=Good, POWER_SUPPLY_TECHNOLOGY=Li-ion, POWER_SUPPLY_CHARGE_FULL_DESIGN=5972000, POWER_SUPPLY_CONSTANT_CHARGE_VOLTAGE=4300, SEQNUM=600492, POWER_SUPPLY_STATUS=Charging, POWER_SUPPLY_CYCLE_COUNT=316, POWER_SUPPLY_CAPACITY=71, DEVPATH=/devices/platform/11b20000.i2c/i2c-5/5-0034/11b20000.i2c:mt6375@34:mtk_gauge/power_supply/battery, POWER_SUPPLY_CHARGE_RATE=Turbo, POWER_SUPPLY_CURRENT_AVG=2001800, POWER_SUPPLY_CAPACITY_LEVEL=Normal, POWER_SUPPLY_CURRENT_NOW=1876700, POWER_SUPPLY_PRESENT=1, POWER_SUPPLY_POWER_WATT=15, POWER_SUPPLY_CHARGE_FULL=6035500, POWER_SUPPLY_TIME_TO_FULL_NOW=3338, SUBSYSTEM=power_supply, POWER_SUPPLY_TEMP=350, ACTION=change, POWER_SUPPLY_AGE=91, POWER_SUPPLY_NAME=battery, POWER_SUPPLY_LPD_PRESENT=false, POWER_SUPPLY_CHARGE_COUNTER=4285205}
08-14 23:30:21.882 D/PowerUI ( 4822): can't show warning due to - plugged: true status unknown: false
08-14 23:30:21.888 V/UiModeManager( 4548): updateLocked: null action, mDockState=0, category=null
08-14 23:30:21.889 D/UiModeManager( 4548): updateConfigurationLocked: mDockState=0; mCarMode=false; mNightMode=com.android.server.UiModeManagerService$1@f66f8ee; mNightModeCustomType=-1; uiMode=33
08-14 23:30:21.889 D/PowerUI ( 4822): can't show warning due to - plugged: true status unknown: false
08-14 23:30:21.890 V/UiModeManager( 4548): updateLocked: null action, mDockState=0, category=null
08-14 23:30:21.891 D/UiModeManager( 4548): updateConfigurationLocked: mDockState=0; mCarMode=false; mNightMode=com.android.server.UiModeManagerService$1@f66f8ee; mNightModeCustomType=-1; uiMode=33
08-14 23:30:21.912 D/PowerUI ( 4822): can't show warning due to - plugged: true status unknown: false
08-14 23:30:21.915 V/UiModeManager( 4548): updateLocked: null action, mDockState=0, category=null
08-14 23:30:21.916 D/UiModeManager( 4548): updateConfigurationLocked: mDockState=0; mCarMode=false; mNightMode=com.android.server.UiModeManagerService$1@f66f8ee; mNightModeCustomType=-1; uiMode=33
08-14 23:30:22.108 D/BluetoothSystemServer( 4548): BluetoothManagerService: isBluetoothPersistedStateOn: 2
08-14 23:30:22.108 D/BluetoothSystemServer( 4548): BluetoothManagerService: delayModeChangedIfNeeded(onAirplaneModeChanged): state=BLE_ON isAirplaneModeOn()=false isSatelliteModeOn()=false delayed=400ms
08-14 23:30:22.510 D/BluetoothSystemServer( 4548): BluetoothManagerService: isBluetoothPersistedStateOn: 2
08-14 23:30:22.510 D/BluetoothSystemServer( 4548): BluetoothManagerService: delayModeChangedIfNeeded(onAirplaneModeChanged): state=BLE_ON isAirplaneModeOn()=false isSatelliteModeOn()=false delayed=400ms
08-14 23:30:22.666 D/ULogGuard( 1952): Monitoring: 16 threads, 0 requests, 0 time-bombs; 9 guards. ResetFlags = 0x7
08-14 23:30:22.911 D/BluetoothSystemServer( 4548): BluetoothManagerService: isBluetoothPersistedStateOn: 2
08-14 23:30:22.912 D/BluetoothSystemServer( 4548): BluetoothManagerService: delayModeChangedIfNeeded(onAirplaneModeChanged): state=BLE_ON isAirplaneModeOn()=false isSatelliteModeOn()=false delayed=400ms
08-14 23:30:23.313 D/BluetoothSystemServer( 4548): BluetoothManagerService: isBluetoothPersistedStateOn: 2
08-14 23:30:23.314 D/BluetoothSystemServer( 4548): BluetoothManagerService: delayModeChangedIfNeeded(onAirplaneModeChanged): state=BLE_ON isAirplaneModeOn()=false isSatelliteModeOn()=false delayed=400ms
08-14 23:30:23.715 D/BluetoothSystemServer( 4548): BluetoothManagerService: isBluetoothPersistedStateOn: 2
08-14 23:30:23.716 D/BluetoothSystemServer( 4548): BluetoothManagerService: delayModeChangedIfNeeded(onAirplaneModeChanged): state=BLE_ON isAirplaneModeOn()=false isSatelliteModeOn()=false delayed=400ms
08-14 23:30:23.879 D/PowerManagerService( 4548): nativeAcquireSuspendBlocker name:PowerManagerService.WakeLocks duration ms: 2
08-14 23:30:24.084 D/PowerManagerService( 4548): nativeReleaseSuspendBlocker name:PowerManagerService.WakeLocks duration ms: 1
08-14 23:30:24.117 D/BluetoothSystemServer( 4548): BluetoothManagerService: isBluetoothPersistedStateOn: 2
08-14 23:30:24.117 D/BluetoothSystemServer( 4548): BluetoothManagerService: delayModeChangedIfNeeded(onAirplaneModeChanged): state=BLE_ON isAirplaneModeOn()=false isSatelliteModeOn()=false delayed=400ms
08-14 23:30:24.520 D/BluetoothSystemServer( 4548): BluetoothManagerService: isBluetoothPersistedStateOn: 2
08-14 23:30:24.520 D/BluetoothSystemServer( 4548): BluetoothManagerService: delayModeChangedIfNeeded(onAirplaneModeChanged): state=BLE_ON isAirplaneModeOn()=false isSatelliteModeOn()=false delayed=400ms
08-14 23:30:24.923 D/BluetoothSystemServer( 4548): BluetoothManagerService: isBluetoothPersistedStateOn: 2
08-14 23:30:24.923 D/BluetoothSystemServer( 4548): BluetoothManagerService: delayModeChangedIfNeeded(onAirplaneModeChanged): state=BLE_ON isAirplaneModeOn()=false isSatelliteModeOn()=false delayed=400ms
08-14 23:30:25.325 D/BluetoothSystemServer( 4548): BluetoothManagerService: isBluetoothPersistedStateOn: 2
08-14 23:30:25.325 D/BluetoothSystemServer( 4548): BluetoothManagerService: delayModeChangedIfNeeded(onAirplaneModeChanged): state=BLE_ON isAirplaneModeOn()=false isSatelliteModeOn()=false delayed=400ms
08-14 23:30:25.667 D/ULogGuard( 1952): Monitoring: 16 threads, 0 requests, 0 time-bombs; 9 guards. ResetFlags = 0x7
08-14 23:30:25.692 D/ActivityManager( 4548): freezing 30371 com.google.android.apps.messaging, reason = oom_cached
08-14 23:30:25.696 D/ActivityManager( 4548): freezing 3695 com.google.android.gms.unstable, reason = oom_cached
08-14 23:30:25.698 D/ActivityManager( 4548): freezing 10081 android.process.acore, reason = oom_cached
08-14 23:30:25.699 D/ActivityManager( 4548): freezing 6451 com.google.android.apps.wellbeing, reason = oom_cached
08-14 23:30:25.726 D/BluetoothSystemServer( 4548): BluetoothManagerService: isBluetoothPersistedStateOn: 2
08-14 23:30:25.727 D/BluetoothSystemServer( 4548): BluetoothManagerService: delayModeChangedIfNeeded(onAirplaneModeChanged): state=BLE_ON isAirplaneModeOn()=false isSatelliteModeOn()=false delayed=400ms
08-14 23:30:26.063 D/InetDiagMessage( 4548): Destroyed 0 sockets, proto=IPPROTO_TCP, family=AF_INET, states=14
08-14 23:30:26.065 D/InetDiagMessage( 4548): Destroyed 0 sockets, proto=IPPROTO_TCP, family=AF_INET6, states=14
08-14 23:30:26.065 D/InetDiagMessage( 4548): Destroyed live tcp sockets for uids={10120} in 4ms
08-14 23:30:26.127 D/BluetoothSystemServer( 4548): BluetoothManagerService: isBluetoothPersistedStateOn: 2
08-14 23:30:26.128 D/BluetoothSystemServer( 4548): BluetoothManagerService: delayModeChangedIfNeeded(onAirplaneModeChanged): state=BLE_ON isAirplaneModeOn()=false isSatelliteModeOn()=false delayed=400ms
08-14 23:30:26.182 D/InetDiagMessage( 4548): Destroyed 0 sockets, proto=IPPROTO_TCP, family=AF_INET, states=14
08-14 23:30:26.184 D/InetDiagMessage( 4548): Destroyed 0 sockets, proto=IPPROTO_TCP, family=AF_INET6, states=14
08-14 23:30:26.185 D/InetDiagMessage( 4548): Destroyed live tcp sockets for uids={10230} in 4ms
08-14 23:30:26.529 D/BluetoothSystemServer( 4548): BluetoothManagerService: isBluetoothPersistedStateOn: 2
08-14 23:30:26.530 D/BluetoothSystemServer( 4548): BluetoothManagerService: delayModeChangedIfNeeded(onAirplaneModeChanged): state=BLE_ON isAirplaneModeOn()=false isSatelliteModeOn()=false delayed=400ms
08-14 23:30:26.931 D/BluetoothSystemServer( 4548): BluetoothManagerService: isBluetoothPersistedStateOn: 2
08-14 23:30:26.932 D/BluetoothSystemServer( 4548): BluetoothManagerService: delayModeChangedIfNeeded(onAirplaneModeChanged): state=BLE_ON isAirplaneModeOn()=false isSatelliteModeOn()=false delayed=400ms
08-14 23:30:27.000 D/PowerManagerService( 4548): nativeAcquireSuspendBlocker name:PowerManagerService.WakeLocks duration ms: 2
08-14 23:30:27.204 D/PowerManagerService( 4548): nativeReleaseSuspendBlocker name:PowerManagerService.WakeLocks duration ms: 0
08-14 23:30:27.333 D/BluetoothSystemServer( 4548): BluetoothManagerService: isBluetoothPersistedStateOn: 2
08-14 23:30:27.334 D/BluetoothSystemServer( 4548): BluetoothManagerService: delayModeChangedIfNeeded(onAirplaneModeChanged): state=BLE_ON isAirplaneModeOn()=false isSatelliteModeOn()=false delayed=400ms
08-14 23:30:27.735 D/BluetoothSystemServer( 4548): BluetoothManagerService: isBluetoothPersistedStateOn: 2
08-14 23:30:27.736 D/BluetoothSystemServer( 4548): BluetoothManagerService: delayModeChangedIfNeeded(onAirplaneModeChanged): state=BLE_ON isAirplaneModeOn()=false isSatelliteModeOn()=false delayed=400ms
08-14 23:30:28.004 I/EnhancedConnectivity( 4548): [DataStallService] isPoorSignal = false
08-14 23:30:28.137 D/BluetoothSystemServer( 4548): BluetoothManagerService: isBluetoothPersistedStateOn: 2
08-14 23:30:28.137 D/BluetoothSystemServer( 4548): BluetoothManagerService: delayModeChangedIfNeeded(onAirplaneModeChanged): state=BLE_ON isAirplaneModeOn()=false isSatelliteModeOn()=false delayed=400ms
08-14 23:30:28.538 D/BluetoothSystemServer( 4548): BluetoothManagerService: isBluetoothPersistedStateOn: 2
08-14 23:30:28.538 D/BluetoothSystemServer( 4548): BluetoothManagerService: delayModeChangedIfNeeded(onAirplaneModeChanged): state=BLE_ON isAirplaneModeOn()=false isSatelliteModeOn()=false delayed=400ms
08-14 23:30:28.655 D/BatteryService( 4548): uevent={POWER_SUPPLY_VOLTAGE_NOW=4244000, POWER_SUPPLY_CURRENT_AVG=1983400, POWER_SUPPLY_CAPACITY_LEVEL=Normal, POWER_SUPPLY_TYPE=Battery, POWER_SUPPLY_HEALTH=Good, POWER_SUPPLY_CURRENT_NOW=1805400, POWER_SUPPLY_PRESENT=1, POWER_SUPPLY_TECHNOLOGY=Li-ion, POWER_SUPPLY_CHARGE_FULL=6035500, POWER_SUPPLY_TIME_TO_FULL_NOW=3301, POWER_SUPPLY_CHARGE_FULL_DESIGN=5972000, SUBSYSTEM=power_supply, POWER_SUPPLY_CONSTANT_CHARGE_VOLTAGE=4300, POWER_SUPPLY_TEMP=350, SEQNUM=600493, ACTION=change, POWER_SUPPLY_NAME=battery, POWER_SUPPLY_STATUS=Charging, POWER_SUPPLY_CYCLE_COUNT=316, POWER_SUPPLY_CHARGE_COUNTER=4285205, POWER_SUPPLY_CAPACITY=71, DEVPATH=/devices/platform/11b20000.i2c/i2c-5/5-0034/11b20000.i2c:mt6375@34:mtk_gauge/power_supply/battery}
08-14 23:30:28.656 D/BatteryService( 4548): uevent={POWER_SUPPLY_VOLTAGE_NOW=4244000, POWER_SUPPLY_CURRENT_AVG=1983400, POWER_SUPPLY_CAPACITY_LEVEL=Normal, POWER_SUPPLY_TYPE=Battery, POWER_SUPPLY_HEALTH=Good, POWER_SUPPLY_CURRENT_NOW=1805400, POWER_SUPPLY_PRESENT=1, POWER_SUPPLY_TECHNOLOGY=Li-ion, POWER_SUPPLY_CHARGE_FULL=6035500, POWER_SUPPLY_TIME_TO_FULL_NOW=3301, POWER_SUPPLY_CHARGE_FULL_DESIGN=5972000, SUBSYSTEM=power_supply, POWER_SUPPLY_CONSTANT_CHARGE_VOLTAGE=4300, POWER_SUPPLY_TEMP=350, SEQNUM=600493, ACTION=change, POWER_SUPPLY_NAME=battery, POWER_SUPPLY_STATUS=Charging, POWER_SUPPLY_CYCLE_COUNT=316, POWER_SUPPLY_CHARGE_COUNTER=4285205, POWER_SUPPLY_CAPACITY=71, DEVPATH=/devices/platform/11b20000.i2c/i2c-5/5-0034/11b20000.i2c:mt6375@34:mtk_gauge/power_supply/battery}
08-14 23:30:28.661 D/PowerUI ( 4822): can't show warning due to - plugged: true status unknown: false
08-14 23:30:28.663 V/UiModeManager( 4548): updateLocked: null action, mDockState=0, category=null
08-14 23:30:28.663 D/UiModeManager( 4548): updateConfigurationLocked: mDockState=0; mCarMode=false; mNightMode=com.android.server.UiModeManagerService$1@f66f8ee; mNightModeCustomType=-1; uiMode=33
08-14 23:30:28.666 V/UiModeManager( 4548): updateLocked: null action, mDockState=0, category=null
08-14 23:30:28.667 D/UiModeManager( 4548): updateConfigurationLocked: mDockState=0; mCarMode=false; mNightMode=com.android.server.UiModeManagerService$1@f66f8ee; mNightModeCustomType=-1; uiMode=33
08-14 23:30:28.668 D/PowerUI ( 4822): can't show warning due to - plugged: true status unknown: false
08-14 23:30:28.668 D/ULogGuard( 1952): Monitoring: 16 threads, 0 requests, 0 time-bombs; 9 guards. ResetFlags = 0x7
08-14 23:30:28.704 D/PowerUI ( 4822): can't show warning due to - plugged: true status unknown: false
08-14 23:30:28.706 V/UiModeManager( 4548): updateLocked: null action, mDockState=0, category=null
08-14 23:30:28.707 D/UiModeManager( 4548): updateConfigurationLocked: mDockState=0; mCarMode=false; mNightMode=com.android.server.UiModeManagerService$1@f66f8ee; mNightModeCustomType=-1; uiMode=33
08-14 23:30:28.941 D/BluetoothSystemServer( 4548): BluetoothManagerService: isBluetoothPersistedStateOn: 2
08-14 23:30:28.941 D/BluetoothSystemServer( 4548): BluetoothManagerService: delayModeChangedIfNeeded(onAirplaneModeChanged): state=BLE_ON isAirplaneModeOn()=false isSatelliteModeOn()=false delayed=400ms
08-14 23:30:29.342 D/BluetoothSystemServer( 4548): BluetoothManagerService: isBluetoothPersistedStateOn: 2
08-14 23:30:29.343 D/BluetoothSystemServer( 4548): BluetoothManagerService: delayModeChangedIfNeeded(onAirplaneModeChanged): state=BLE_ON isAirplaneModeOn()=false isSatelliteModeOn()=false delayed=400ms
08-14 23:30:29.744 D/BluetoothSystemServer( 4548): BluetoothManagerService: isBluetoothPersistedStateOn: 2
08-14 23:30:29.744 D/BluetoothSystemServer( 4548): BluetoothManagerService: delayModeChangedIfNeeded(onAirplaneModeChanged): state=BLE_ON isAirplaneModeOn()=false isSatelliteModeOn()=false delayed=400ms
08-14 23:30:30.080 D/PowerManagerService( 4548): nativeAcquireSuspendBlocker name:PowerManagerService.WakeLocks duration ms: 2
08-14 23:30:30.146 D/BluetoothSystemServer( 4548): BluetoothManagerService: isBluetoothPersistedStateOn: 2
08-14 23:30:30.147 D/BluetoothSystemServer( 4548): BluetoothManagerService: delayModeChangedIfNeeded(onAirplaneModeChanged): state=BLE_ON isAirplaneModeOn()=false isSatelliteModeOn()=false delayed=400ms
08-14 23:30:30.283 D/PowerManagerService( 4548): nativeReleaseSuspendBlocker name:PowerManagerService.WakeLocks duration ms: 0
08-14 23:30:30.548 D/BluetoothSystemServer( 4548): BluetoothManagerService: isBluetoothPersistedStateOn: 2
08-14 23:30:30.549 D/BluetoothSystemServer( 4548): BluetoothManagerService: delayModeChangedIfNeeded(onAirplaneModeChanged): state=BLE_ON isAirplaneModeOn()=false isSatelliteModeOn()=false delayed=400ms
08-14 23:30:30.950 D/BluetoothSystemServer( 4548): BluetoothManagerService: isBluetoothPersistedStateOn: 2
08-14 23:30:30.950 D/BluetoothSystemServer( 4548): BluetoothManagerService: delayModeChangedIfNeeded(onAirplaneModeChanged): state=BLE_ON isAirplaneModeOn()=false isSatelliteModeOn()=false delayed=400ms
08-14 23:30:31.352 D/BluetoothSystemServer( 4548): BluetoothManagerService: isBluetoothPersistedStateOn: 2
08-14 23:30:31.352 D/BluetoothSystemServer( 4548): BluetoothManagerService: delayModeChangedIfNeeded(onAirplaneModeChanged): state=BLE_ON isAirplaneModeOn()=false isSatelliteModeOn()=false delayed=400ms
08-14 23:30:31.669 D/ULogGuard( 1952): Monitoring: 16 threads, 0 requests, 0 time-bombs; 9 guards. ResetFlags = 0x7
08-14 23:30:31.753 D/BluetoothSystemServer( 4548): BluetoothManagerService: isBluetoothPersistedStateOn: 2
08-14 23:30:31.754 D/BluetoothSystemServer( 4548): BluetoothManagerService: delayModeChangedIfNeeded(onAirplaneModeChanged): state=BLE_ON isAirplaneModeOn()=false isSatelliteModeOn()=false delayed=400ms
08-14 23:30:31.888 D/PowerManagerService( 4548): nativeAcquireSuspendBlocker name:PowerManagerService.WakeLocks duration ms: 2
08-14 23:30:31.916 D/BatteryService( 4548): uevent={POWER_SUPPLY_VOLTAGE_NOW=4246000, POWER_SUPPLY_VBUS_PRESENT=true, POWER_SUPPLY_TYPE=Battery, POWER_SUPPLY_HEALTH=Good, POWER_SUPPLY_TECHNOLOGY=Li-ion, POWER_SUPPLY_CHARGE_FULL_DESIGN=5972000, POWER_SUPPLY_CONSTANT_CHARGE_VOLTAGE=4300, SEQNUM=600494, POWER_SUPPLY_STATUS=Charging, POWER_SUPPLY_CYCLE_COUNT=316, POWER_SUPPLY_CAPACITY=71, DEVPATH=/devices/platform/11b20000.i2c/i2c-5/5-0034/11b20000.i2c:mt6375@34:mtk_gauge/power_supply/battery, POWER_SUPPLY_CHARGE_RATE=Turbo, POWER_SUPPLY_CURRENT_AVG=1983400, POWER_SUPPLY_CAPACITY_LEVEL=Normal, POWER_SUPPLY_CURRENT_NOW=1828400, POWER_SUPPLY_PRESENT=1, POWER_SUPPLY_POWER_WATT=15, POWER_SUPPLY_CHARGE_FULL=6035500, POWER_SUPPLY_TIME_TO_FULL_NOW=3329, SUBSYSTEM=power_supply, POWER_SUPPLY_TEMP=350, ACTION=change, POWER_SUPPLY_AGE=91, POWER_SUPPLY_NAME=battery, POWER_SUPPLY_LPD_PRESENT=false, POWER_SUPPLY_CHARGE_COUNTER=4285205}
08-14 23:30:31.916 D/BatteryService( 4548): uevent={POWER_SUPPLY_VOLTAGE_NOW=4246000, POWER_SUPPLY_VBUS_PRESENT=true, POWER_SUPPLY_TYPE=Battery, POWER_SUPPLY_HEALTH=Good, POWER_SUPPLY_TECHNOLOGY=Li-ion, POWER_SUPPLY_CHARGE_FULL_DESIGN=5972000, POWER_SUPPLY_CONSTANT_CHARGE_VOLTAGE=4300, SEQNUM=600494, POWER_SUPPLY_STATUS=Charging, POWER_SUPPLY_CYCLE_COUNT=316, POWER_SUPPLY_CAPACITY=71, DEVPATH=/devices/platform/11b20000.i2c/i2c-5/5-0034/11b20000.i2c:mt6375@34:mtk_gauge/power_supply/battery, POWER_SUPPLY_CHARGE_RATE=Turbo, POWER_SUPPLY_CURRENT_AVG=1983400, POWER_SUPPLY_CAPACITY_LEVEL=Normal, POWER_SUPPLY_CURRENT_NOW=1828400, POWER_SUPPLY_PRESENT=1, POWER_SUPPLY_POWER_WATT=15, POWER_SUPPLY_CHARGE_FULL=6035500, POWER_SUPPLY_TIME_TO_FULL_NOW=3329, SUBSYSTEM=power_supply, POWER_SUPPLY_TEMP=350, ACTION=change, POWER_SUPPLY_AGE=91, POWER_SUPPLY_NAME=battery, POWER_SUPPLY_LPD_PRESENT=false, POWER_SUPPLY_CHARGE_COUNTER=4285205}
08-14 23:30:31.925 D/PowerUI ( 4822): can't show warning due to - plugged: true status unknown: false
08-14 23:30:31.930 V/UiModeManager( 4548): updateLocked: null action, mDockState=0, category=null
08-14 23:30:31.930 D/UiModeManager( 4548): updateConfigurationLocked: mDockState=0; mCarMode=false; mNightMode=com.android.server.UiModeManagerService$1@f66f8ee; mNightModeCustomType=-1; uiMode=33
08-14 23:30:31.934 D/PowerUI ( 4822): can't show warning due to - plugged: true status unknown: false
08-14 23:30:31.935 V/UiModeManager( 4548): updateLocked: null action, mDockState=0, category=null
08-14 23:30:31.936 D/UiModeManager( 4548): updateConfigurationLocked: mDockState=0; mCarMode=false; mNightMode=com.android.server.UiModeManagerService$1@f66f8ee; mNightModeCustomType=-1; uiMode=33
08-14 23:30:31.947 V/UiModeManager( 4548): updateLocked: null action, mDockState=0, category=null
08-14 23:30:31.947 D/UiModeManager( 4548): updateConfigurationLocked: mDockState=0; mCarMode=false; mNightMode=com.android.server.UiModeManagerService$1@f66f8ee; mNightModeCustomType=-1; uiMode=33
08-14 23:30:31.948 D/PowerUI ( 4822): can't show warning due to - plugged: true status unknown: false
08-14 23:30:32.103 D/PowerManagerService( 4548): nativeReleaseSuspendBlocker name:PowerManagerService.WakeLocks duration ms: 1
08-14 23:30:32.133 E/ServiceAvailability(23552): Too many files
08-14 23:30:32.155 D/BluetoothSystemServer( 4548): BluetoothManagerService: isBluetoothPersistedStateOn: 2
08-14 23:30:32.156 D/BluetoothSystemServer( 4548): BluetoothManagerService: delayModeChangedIfNeeded(onAirplaneModeChanged): state=BLE_ON isAirplaneModeOn()=false isSatelliteModeOn()=false delayed=400ms
08-14 23:30:32.558 D/BluetoothSystemServer( 4548): BluetoothManagerService: isBluetoothPersistedStateOn: 2
08-14 23:30:32.559 D/BluetoothSystemServer( 4548): BluetoothManagerService: delayModeChangedIfNeeded(onAirplaneModeChanged): state=BLE_ON isAirplaneModeOn()=false isSatelliteModeOn()=false delayed=400ms
08-14 23:30:32.960 D/BluetoothSystemServer( 4548): BluetoothManagerService: isBluetoothPersistedStateOn: 2
08-14 23:30:32.961 D/BluetoothSystemServer( 4548): BluetoothManagerService: delayModeChangedIfNeeded(onAirplaneModeChanged): state=BLE_ON isAirplaneModeOn()=false isSatelliteModeOn()=false delayed=400ms
08-14 23:30:33.362 D/BluetoothSystemServer( 4548): BluetoothManagerService: isBluetoothPersistedStateOn: 2
08-14 23:30:33.363 D/BluetoothSystemServer( 4548): BluetoothManagerService: delayModeChangedIfNeeded(onAirplaneModeChanged): state=BLE_ON isAirplaneModeOn()=false isSatelliteModeOn()=false delayed=400ms
